Descricao,Tipo,Categoria
AG. TEF 7444.23596-9,Crédito,Receita de Vendas
AJUSTE TERMO DE MOEDA,Crédito,Receita de Vendas
MOV TIT COB DISP  02/12S,Crédito,Receita de Vendas
MOV TIT COB DISP  04/12S,Crédito,Receita de Vendas
MOV TIT COB DISP  13/11S,Crédito,Receita de Vendas
MOV TIT COB DISP  19/11S,Crédito,Receita de Vendas
MOV TIT COB DISP  20/12S,Crédito,Receita de Vendas
MOV TIT COB DISP  25/11S,Crédito,Receita de Vendas
MOV TIT COB DISP  26/11S,Crédito,Receita de Vendas
MOV TIT COB DISP  28/11S,Crédito,Receita de Vendas
RECEBIMENTO PIX,Crédito,Receita de Vendas
RECEBIMENTO PIX SICREDI,Crédito,Receita de Vendas
REND PAGO APLIC AUT MAIS,Crédito,Juros Recebidos
RES APLIC AUT MAIS,Crédito,Transferência entre contas
SALDO APLIC AUT MAIS,Crédito,Saldo Inicial
SALDO FINAL,Crédito,Saldo Final
SALDO INICIAL,Crédito,Saldo Inicial
TED,Crédito,Receita de Vendas
TED 041.1025.UNNA C E F,Crédito,Receita de Vendas
TRANSF  7444.23596-9,Crédito,Receita de Vendas
TRANSF 7444.23596-9,Crédito,Receita de Vendas
01-FIN VENDA  3024949450,Débito,Sem Identificação
01-FIN VENDA  3024949453,Débito,Sem Identificação
APL APLIC AUT MAIS,Débito,Transferência entre contas
CESTA DE RELACIONAMENTO,Débito,Tarifas Bancárias
DEBITO CARTAO DE CREDITO,Débito,Outras Desp. Operacionais
DEBITO CONVENIOS,Débito,Energia Elétrica
DEBITO TITULOS AUTOMATICO,Débito,Tarifas Bancárias
FIANCA FIN  01-,Débito,Sem Identificação
IOF ADICIONAL,Débito,IOF
JUROS,Débito,Juros e Encargos Bancários
LIQUIDACAO BOLETO,Débito,Outras Desp. Operacionais
LIQUIDACAO BOLETO SICREDI,Débito,Outras Desp. Operacionais
PAGAMENTO DARF,Débito,Impostos e Encargos
PAGAMENTO GVT,Débito,Telefone / Internet
PAGAMENTO PIX,Débito,Folha de Pagamento
PARCELA GIRO    03/48,Débito,Empréstimos
PARCELA GIRO    04/48,Débito,Empréstimos
PLANO INT CAPITAL,Débito,Tarifas Bancárias
RECARGA TELEFONE,Débito,Telefone / Internet
SALDO ANTERIOR,Débito,Saldo Inicial
SALDO FINAL,Débito,Saldo Final
SALDO INICIAL,Débito,Saldo Inicial
SALDO PARCIAL,Débito,Saldo Parcial
SISPAG FORNECEDORES,Débito,Despesas com Fornecedores
SISPAG FORNECEDORES TED,Débito,Despesas com Fornecedores
SISPAG TRIBUTOS,Débito,Impostos e Encargos
TAR COBRANCA EXP,Débito,Tarifas Bancárias
TAR OPE C/BANQ MESA,Débito,Tarifas Bancárias
TAR/CUSTAS COBRANCA,Débito,Tarifas Bancárias
CREDITO TITULOS,Crédito,Receita de Vendas
COFRE INTELIGENTE,Crédito,Receita de Vendas
CREDITO TRANSFERENCIA,Crédito,Receita de Vendas
DEP CHEQUE ATM,Crédito,Receita de Vendas
DEP CHEQUE INTER AG,Crédito,Receita de Vendas
DEPOSITO CHEQUE MOBILE,Crédito,Receita de Vendas
ESTORNO CHEQUE COMPE,Crédito,Outros Recebimentos
OP.CREDITO C/PENHOR,Crédito,Receita de Vendas
PIX RECEBIDO,Crédito,Receita de Vendas
RESGATE AUTOMATICO,Crédito,Transferência entre contas
TED - SPB,Crédito,Receita de Vendas
VERO ANTECIPACAO BANRICARD,Crédito,Receita de Vendas
VERO ANTECIPACAO BANRICOMPRAS,Crédito,Receita de Vendas
VERO BANRICARD OUTROS,Crédito,Receita de Vendas
VERO BANRICOMPRAS A VISTA,Crédito,Receita de Vendas
ACERTO CHEQUE DEPOSITADO A MAIOR,Débito,Tarifas Bancárias
APLICACAO AUTOMATICO,Débito,Transferência entre contas
CHEQUE COMPE.NACIONAL FLO,Débito,Outras Desp. Operacionais
CHEQUE COMPENSADO,Débito,Outras Desp. Operacionais
CHEQUE DEVOLVIDO,Débito,Tarifas Bancárias
DEBITO FOLHA PAGAMENTO,Débito,Folha de Pagamento
DEBITO REGULARIZACAO RETRO,Débito,Impostos e Encargos
DEBITO RFB,Débito,Impostos e Encargos
DEBITO TRANSFERENCIA,Débito,Outras Desp. Operacionais
EMPRESTIMO BBH,Débito,Empréstimos
EST.CHEQUE DEPOSITO ME SP,Débito,Estornos / Ajustes
ESTORNO CHEQUE DEPOSITADO,Débito,Estornos / Ajustes
MENSALIDADE PACOTE,Débito,Tarifas Bancárias
PAGAMENTO CUSTAS JUDICIAIS,Débito,Multas / Encargos
PAGAMENTO DETRAN,Débito,Multas / Encargos
PAGAMENTO ENERGIA ELETRICA/GAS,Débito,Energia Elétrica
PAGAMENTO GUIA DE ARRECADACAO,Débito,FGTS
PAGAMENTO TITULO,Débito,Outras Desp. Operacionais
PAGAMENTO TITULO BRR,Débito,Outras Desp. Operacionais
PIX BANRISUL ENVIADO,Débito,Outras Desp. Operacionais
PIX ENVIADO,Débito,Folha de Pagamento
RG CAPITALIZACAO,Débito,Empréstimos
SEGURO RIOGRANDE,Débito,Tarifas Bancárias
TARIFA GESTAO DE NUMERARIO,Débito,Tarifas Bancárias
TARIFA SPB-CHEQUE COMPE,Débito,Tarifas Bancárias
TARIFA TRANSACAO COM CHEQUE,Débito,Tarifas Bancárias
TARIFA VISUALIZACAO DE CHEQUES,Débito,Tarifas Bancárias
TED,Débito,Outras Desp. Operacionais
TRANSF. ENCARGOS CTA UNICA,Débito,INSS
CREDITO PAGTO FORNECEDOR-B4R----35 COOPERATIVA SANTA CL,Crédito,Receita de Vendas
DEP DINHEIRO CAIXA AG-NCX000142 04324515000106 LAGOA PARQUE HOTEL LTDA,Crédito,Receita de Vendas
DEP DINHEIRO CAIXA AG-NCX000324 87729588000105 RODAMA INDUSTRIA E COMERCIO DE PECAS AGR,Crédito,Receita de Vendas
LIQUIDACAO DE COBRANCA VALOR DISPONIVEL,Crédito,Receita de Vendas
RENTAB.INVEST FACILCRED*,Crédito,Juros Recebidos
TED-005251    00093974531904 PAUL BENEDICT ESTANISLAU,Crédito,Receita de Vendas
TED-384809    00074846965015 REGINA C P DOS S PORTELA,Crédito,Receita de Vendas
TED-531703    04324515000106 LAGOA PARQUE HOTEL LTDA - ME,Crédito,Transferência entre contas
TED-693605    04324515000106 LAGOA PARQUE HOTEL LTDA - ME,Crédito,Transferência entre contas
TED-765824    04324515000106 LAGOA PARQUE HOTEL LTDA - ME,Crédito,Transferência entre contas
TED-974628    04324515000106 LAGOA PARQUE HOTEL LTDA - ME,Crédito,Transferência entre contas
TRANSF ENTRE CONTAS-SI00180   91062752000132 SINDICATO RURAL DE LAGOA VERMELHA,Crédito,Receita de Vendas
TRANSF ENTRE CONTAS-SI01680   91062752000132 SINDICATO RURAL DE LAGOA VERMELHA,Crédito,Receita de Vendas
Pagamento Claro - SP Cap CLARO SA,Débito,Telefone / Internet
Pagamento Darf Numerado Pagamento,Débito,Impostos e Encargos
Pagamento de Convenio FGTS GRF CONVENIO 0179,Débito,FGTS
Pagamento de Convenio Pagamento,Débito,Energia Elétrica / Agua
Pagamento de Convenio SIMPLES NACIONAL,Débito,Impostos e Encargos
Pagamento de Convenio VIVO RS,Débito,Telefone / Internet
Pagamento efetuado ALIANCA ASSESSORIA E ADMINISTRACAO DE CO,Débito,Aluguel
Pagamento efetuado ASSERTIVA SOLUCOES,Débito,Aluguel
Pagamento efetuado AUXILIADORA PREDIAL LTDA. GRUPO AUXILIAD,Débito,Aluguel
Pagamento efetuado CIA ESTADUAL DE DIST,Débito,Energia Elétrica / Agua
Pagamento efetuado CONSELHO REGIONAL DE CORRETORES DE IMOVEIS - 3 REG,Débito,Outras Desp. Operacionais
Pagamento efetuado CONSELHO REGIONAL DE CORRETORES DE IMOVEIS . 3 REG,Débito,Outras Desp. Operacionais
Pagamento efetuado CREDITO REAL IMOV E COND SA,Débito,Outras Desp. Operacionais
Pagamento efetuado DLEGEND LOCACOES LTDA,Débito,Aluguel
Pagamento efetuado FACEBOOK PROCESSADO POR ADYEN,Débito,Outras Desp. Operacionais
Pagamento efetuado Fatura cartao Inter,Débito,Outras Desp. Operacionais
Pagamento efetuado GUARIDA SERVICOS IMOBILIARIOS LTDA,Débito,Outras Desp. Operacionais
Pagamento efetuado HAPP ACELERADORA DIGITAL LTDA,Débito,Outras Desp. Operacionais
Pagamento efetuado LOFT BRASIL TECNOLOGIA SA,Débito,Despesas com TI
"Pix recebido devolvido: ""Cp :14796606-iFood""",Crédito,Receita de Vendas
"Pix recebido: ""00019 0100798985 LUCAS BERNARDI""",Crédito,Receita de Vendas
"Pix recebido: ""Cp :00000000-ALICE THUMS""",Crédito,Receita de Vendas
"Pix recebido: ""Cp :00000000-CAMILA NUNES DE AZEVEDO SPEROTTO""",Crédito,Receita de Vendas
"Pix recebido: ""Cp :00000000-CARLA COSTA FREITAS SAAB""",Crédito,Receita de Vendas
"Pix recebido: ""Cp :00000000-CICERO PEDRA DE AVILA""",Crédito,Receita de Vendas
"Pix recebido: ""Cp :00000000-FCV S MEDICOS EIRELI""",Crédito,Receita de Vendas
"Pix recebido: ""Cp :00000000-GLESSI ACCO""",Crédito,Receita de Vendas
"Pix recebido: ""Cp :00000000-LUCAS BERNARDI""",Crédito,Receita de Vendas
"Pix recebido: ""Cp :00000000-LUIS PAULO LINCK JARDIM""",Crédito,Receita de Vendas
"Pix recebido: ""Cp :00000000-MARIA MILANEZI JESUS""",Crédito,Receita de Vendas
"Pix recebido: ""Cp :00000000-PAULO ALVES DE SOUZA""",Crédito,Receita de Vendas
"Pix recebido: ""Cp :00000000-SERGIO SCHNEIDER MORAES""",Crédito,Receita de Vendas
"Pix recebido: ""Cp :00000000-VANESSA VAZ""",Crédito,Receita de Vendas
"Pix recebido: ""Cp :00360305-SURIA NETE DE SOUZA DIAS""",Crédito,Receita de Vendas
"Pix recebido: ""Cp :08561701-PAULO ROBERTO DE OLIVEIRA LOPES""",Crédito,Receita de Vendas
"Pix recebido: ""Cp :18236120-Amarildo Castro dos Santos""",Crédito,Receita de Vendas
"Pix recebido: ""Cp :18236120-Daniel Buchi""",Crédito,Receita de Vendas
"Pix recebido: ""Cp :18236120-Fernando Mendes Rocha""",Crédito,Receita de Vendas
"Pix recebido: ""Cp :18236120-Suelen Aguiar""",Crédito,Receita de Vendas
"Pix recebido: ""Cp :30306294-Valeria Bossle Buffon""",Crédito,Receita de Vendas
"Pix recebido: ""Cp :31872495-LG MENEZES""",Crédito,Receita de Vendas
"Pix recebido: ""Cp :60701190-CONRADO ABBOTT KALIL""",Crédito,Receita de Vendas
"Pix recebido: ""Cp :60701190-ERICA BATISTA DO NASCIMENTO""",Crédito,Receita de Vendas
"Pix recebido: ""Cp :60701190-FERNANDO GUILLERMO E BUGALLO""",Crédito,Receita de Vendas
"Pix recebido: ""Cp :60701190-JUAN CARLOS TOPALIAN DOGANIAN""",Crédito,Receita de Vendas
"Pix recebido: ""Cp :60701190-LBM CONSULTORIA EMPRESARIAL LTDA - ME""",Crédito,Receita de Vendas
"Pix recebido: ""Cp :60701190-LUIZ AFRANIO ARAUJO""",Crédito,Receita de Vendas
"Pix recebido: ""Cp :60701190-LUIZ HENRIQUE GOLLO PEREIRA""",Crédito,Receita de Vendas
"Pix recebido: ""Cp :60701190-RESERVA IMOB - CONSULTORIA IMOBILIARI""",Crédito,Receita de Vendas
"Pix recebido: ""Cp :60701190-RESERVA IMOB - CONSULTORIA IMOBILIARIA LTDA""",Crédito,Receita de Vendas
"Pix recebido: ""Cp :60701190-THIAGO CARVALHO SILVA E SOUZA""",Crédito,Receita de Vendas
"Pix recebido: ""Cp :60701190-VALERIA BOSSLE BUFFON""",Crédito,Receita de Vendas
"Pix recebido: ""Cp :60746948-FERNANDO LUIS ENGLER""",Crédito,Receita de Vendas
"Pix recebido: ""Cp :60746948-FRANCISCO BARCELLOS FEIJO""",Crédito,Receita de Vendas
"Pix recebido: ""Cp :60746948-MARCELO GREGOL""",Crédito,Receita de Vendas
"Pix recebido: ""Cp :60746948-MARIA ALICE IBANEZ DUARTE""",Crédito,Receita de Vendas
"Pix recebido: ""Cp :60746948-RENATO ABDALA KARAM KALIL""",Crédito,Receita de Vendas
"Pix recebido: ""Cp :60746948-SUSANA SCHNEIDER MORAES""",Crédito,Receita de Vendas
"Pix recebido: ""Cp :61186680-Fernando Mendes Rocha""",Crédito,Receita de Vendas
"Pix recebido: ""Cp :62232889-Marcelo Gregol""",Crédito,Receita de Vendas
"Pix recebido: ""Cp :87853206-MARIA INES SULZBACH""",Crédito,Receita de Vendas
"Pix recebido: ""Cp :88471024-Base Fotografia Empresarial Ltda""",Crédito,Receita de Vendas
"Pix recebido: ""Cp :88471024-Luis Fellipe Viana Davila""",Crédito,Receita de Vendas
"Pix recebido: ""Cp :89049738-Lorines Casagrande""",Crédito,Receita de Vendas
"Pix recebido: ""Cp :90400888-GLAUBER BALBINOT VICARI""",Crédito,Receita de Vendas
"Pix recebido: ""Cp :90400888-GRAJAU ADMINISTRACAO E PARTICIPACAO L""",Crédito,Receita de Vendas
"Pix recebido: ""Cp :90400888-RUBEN EDUARDO MADOERY""",Crédito,Receita de Vendas
"Pix recebido: ""Cp :90400888-TOMAS BRUGGER""",Crédito,Receita de Vendas
"Pix recebido: ""Cp :90608712-CONSTRUWILSON CONSTRUCOES LTDA""",Crédito,Receita de Vendas
"Pix recebido: ""Cp :91586982-Leonardo Oscar Borges Serafini""",Crédito,Receita de Vendas
"Pix recebido: ""Cp :92702067-EDUARDO OSORIO RODRIGUES""",Crédito,Receita de Vendas
"Pix recebido: ""Cp :92702067-SPE EMPREENDIMENTO IGUASSU LTDA""",Crédito,Receita de Vendas
"Pix recebido: ""Cp :92702067-SPE EMPREENDIMENTO LAURO DE OLIVEIR""",Crédito,Receita de Vendas
"Pix recebido: ""Cp :92702067-THAIS STRELOW ROCHA""",Crédito,Receita de Vendas
"Pix recebido: ""Cp :92702067-VANESSA VAZ""",Crédito,Receita de Vendas
"Pix recebido: ""Cp :95163002-HGB A E PARTICIPACOES""",Crédito,Receita de Vendas
"Transferencia recebida: ""001 7160 402222 LUIS PAULO LINCK JARDIM""",Crédito,Receita de Vendas
"Transferencia recebida: ""001 7413 108367 MARIA ALICE IBANEZ DUARTE""",Crédito,Receita de Vendas
"Transferencia recebida: ""237 504 4814070 DLOCAL BRASIL PAGAMENTOS LTDA""",Crédito,Receita de Vendas
"Transferencia recebida: ""237 558 584606 BONA ADMINISTRADORA DE IMOVEIS LTDA""",Crédito,Receita de Vendas
"Transferencia recebida: ""341 3003 50998 MICHELLE MEOTTI TENTARDINI""",Crédito,Receita de Vendas
"Transferencia recebida: ""341 910 140748 MELNICK EVEN SCORPIUS EMP IMOB""",Crédito,Receita de Vendas
"Transferencia recebida: ""341 910 147198 APOLO EMPREEND. LTDA.""",Crédito,Receita de Vendas
ARRECADACAO ESTADUAL-SFZRSNGA,Débito,Impostos e Encargos
BX.ANT.FINANC/EMP CONTRATO 015940028 PARC 043/060,Débito,Empréstimos
BX.ANT.FINANC/EMP CONTRATO 015940028 PARC 044/060,Débito,Empréstimos
BX.ANT.FINANC/EMP CONTRATO 015940028 PARC 045/060,Débito,Empréstimos
BX.ANT.FINANC/EMP CONTRATO 015940028 PARC 046/060,Débito,Empréstimos
BX.ANT.FINANC/EMP CONTRATO 015940028 PARC 047/060,Débito,Empréstimos
BX.ANT.FINANC/EMP CONTRATO 015940028 PARC 048/060,Débito,Empréstimos
CESTA DE RELACIONAMENTO-,Débito,Tarifas Bancárias
DEB. FOLHA PAGTO-XH7----04,Débito,Folha de Pagamento
DEBITO ARRECADACAO-DARFC0385 00394460005887 DARFC0385,Débito,Impostos e Encargos
DEBITO ARRECADACAO-DAS,Débito,Impostos e Encargos
DEBITO CONVENIOS-CORSAN-CA 92802784000190 CORSAN-CA,Débito,Energia Elétrica / Agua
DEBITO CONVENIOS-OI TV - G 05423963000111 OI TV - G,Débito,Telefone / Internet
DEBITO CONVENIOS-PMLAGVERM 87613626000151 PMLAGVERM,Débito,Sem Identificação
DEBITO CONVENIOS-SEG_ICATU ID 930142949137 SEG VIDA / PRESTAMISTA - ICATU SEG 42283770000139,Débito,Seguro
LIQUIDACAO BOLETO SICREDI-224173408 92170307000159 DISFONTE,Débito,Despesas com Fornecedores
LIQUIDACAO BOLETO SICREDI-224216018 92170307000159 DISFONTE,Débito,Despesas com Fornecedores
LIQUIDACAO BOLETO SICREDI-224231246 92170307000159 DISFONTE,Débito,Despesas com Fornecedores
LIQUIDACAO BOLETO SICREDI-224281723 92170307000159 DISFONTE,Débito,Despesas com Fornecedores
LIQUIDACAO BOLETO SICREDI-224318554 92170307000159 DISFONTE,Débito,Despesas com Fornecedores
LIQUIDACAO BOLETO SICREDI-224335785 92170307000159 DISFONTE,Débito,Despesas com Fornecedores
LIQUIDACAO BOLETO SICREDI-224353961 92170307000159 DISFONTE,Débito,Despesas com Fornecedores
LIQUIDACAO BOLETO SICREDI-224390140 92170307000159 DISFONTE,Débito,Despesas com Fornecedores
LIQUIDACAO BOLETO SICREDI-224410388 92170307000159 DISFONTE,Débito,Despesas com Fornecedores
LIQUIDACAO BOLETO SICREDI-234831089 09536085000100 NETWAY,Débito,Sem Identificação
LIQUIDACAO BOLETO SICREDI-241002730 88420161000185 SIND DOS HOTEIS REST BARES,Débito,Sem Identificação
LIQUIDACAO BOLETO SICREDI-241007036 05981300000112 LUZZA TREMEA E CIA LTDA ME,Débito,Sem Identificação
LIQUIDACAO BOLETO SICREDI-241007044 05981300000112 LUZZA TREMEA E CIA LTDA ME,Débito,Sem Identificação
LIQUIDACAO BOLETO SICREDI-241007052 05981300000112 LUZZA TREMEA E CIA LTDA ME,Débito,Sem Identificação
LIQUIDACAO BOLETO SICREDI-241007060 05981300000112 LUZZA TREMEA E CIA LTDA ME,Débito,Sem Identificação
LIQUIDACAO BOLETO SICREDI-241007309 07971895000150 BOITO  BOITO LTDA ME,Débito,Sem Identificação
LIQUIDACAO BOLETO SICREDI-241007317 07971895000150 BOITO  BOITO LTDA ME,Débito,Sem Identificação
LIQUIDACAO BOLETO SICREDI-241007325 07971895000150 BOITO  BOITO LTDA ME,Débito,Sem Identificação
LIQUIDACAO BOLETO SICREDI-241007608 14055723000100 LAGOA ESPORTE CLUBE,Débito,Sem Identificação
LIQUIDACAO BOLETO SICREDI-241007616 14055723000100 LAGOA ESPORTE CLUBE,Débito,Sem Identificação
LIQUIDACAO BOLETO SICREDI-241007624 14055723000100 LAGOA ESPORTE CLUBE,Débito,Sem Identificação
LIQUIDACAO BOLETO SICREDI-241007632 14055723000100 LAGOA ESPORTE CLUBE,Débito,Sem Identificação
LIQUIDACAO BOLETO SICREDI-241012055 10333488000122 DIGICOMTEL ELETRONICOS,Débito,Sem Identificação
LIQUIDACAO BOLETO SICREDI-241012455 05981300000112 LUZZA TREMEA E CIA LTDA ME,Débito,Sem Identificação
LIQUIDACAO BOLETO SICREDI-241012463 05981300000112 LUZZA TREMEA E CIA LTDA ME,Débito,Sem Identificação
LIQUIDACAO BOLETO SICREDI-241012471 05981300000112 LUZZA TREMEA E CIA LTDA ME,Débito,Sem Identificação
LIQUIDACAO BOLETO SICREDI-241012480 05981300000112 LUZZA TREMEA E CIA LTDA ME,Débito,Sem Identificação
LIQUIDACAO BOLETO SICREDI-242019832 05660690000129 J POLLETTO EPP,Débito,Despesas com Fornecedores
LIQUIDACAO BOLETO SICREDI-242020008 05660690000129 J POLLETTO EPP,Débito,Despesas com Fornecedores
LIQUIDACAO BOLETO SICREDI-242020164 05660690000129 J POLLETTO EPP,Débito,Despesas com Fornecedores
LIQUIDACAO BOLETO SICREDI-242020342 05660690000129 J POLLETTO EPP,Débito,Despesas com Fornecedores
LIQUIDACAO BOLETO SICREDI-242020474 05660690000129 J POLLETTO EPP,Débito,Despesas com Fornecedores
LIQUIDACAO BOLETO SICREDI-242020725 05660690000129 J POLLETTO EPP,Débito,Despesas com Fornecedores
LIQUIDACAO BOLETO SICREDI-242020822 05660690000129 J POLLETTO EPP,Débito,Despesas com Fornecedores
LIQUIDACAO BOLETO SICREDI-242020970 05660690000129 J POLLETTO EPP,Débito,Despesas com Fornecedores
LIQUIDACAO BOLETO SICREDI-242091216 43817285000160 PAES BUENO,Débito,Sem Identificação
LIQUIDACAO BOLETO SICREDI-242277156 07119129000162 FPOZOBON SISHIGLIMPLTDA,Débito,Sem Identificação
LIQUIDACAO BOLETO SICREDI-242297530 07119129000162 FPOZOBON SISHIGLIMPLTDA,Débito,Sem Identificação
LIQUIDACAO BOLETO SICREDI-242314611 90777913000101 OFELIA M MACHADO E CIA LTDA,Débito,Sem Identificação
LIQUIDACAO BOLETO SICREDI-242336712 90777913000101 OFELIA M MACHADO E CIA LTDA,Débito,Sem Identificação
LIQUIDACAO BOLETO SICREDI-242516075 91411256000147 SANDER CENTER,Débito,Sem Identificação
LIQUIDACAO BOLETO SICREDI-243146857 04673212000190 C CASAGRANDE E CIA LTDA,Débito,Sem Identificação
LIQUIDACAO BOLETO SICREDI-243149104 04673212000190 C CASAGRANDE E CIA LTDA,Débito,Sem Identificação
LIQUIDACAO BOLETO SICREDI-243151290 04673212000190 C CASAGRANDE E CIA LTDA,Débito,Sem Identificação
LIQUIDACAO BOLETO SICREDI-243156038 04673212000190 C CASAGRANDE E CIA LTDA,Débito,Sem Identificação
LIQUIDACAO BOLETO SICREDI-243157727 04673212000190 C CASAGRANDE E CIA LTDA,Débito,Sem Identificação
LIQUIDACAO BOLETO SICREDI-243264983 05418346000209 LATICINIO STEFANELLO EIRELI,Débito,Sem Identificação
LIQUIDACAO BOLETO SICREDI-243277090 05418346000209 LATICINIO STEFANELLO EIRELI,Débito,Sem Identificação
LIQUIDACAO BOLETO SICREDI-243421579 97270490000269 APEBRUN COMERCIO DE CARNES EIR,Débito,Sem Identificação
LIQUIDACAO BOLETO SICREDI-243424853 97270490000269 APEBRUN COMERCIO DE CARNES EIR,Débito,Sem Identificação
LIQUIDACAO BOLETO SICREDI-243428000 97270490000269 APEBRUN COMERCIO DE CARNES EIR,Débito,Sem Identificação
LIQUIDACAO BOLETO SICREDI-243431396 97270490000269 APEBRUN COMERCIO DE CARNES EIR,Débito,Sem Identificação
LIQUIDACAO BOLETO SICREDI-243852191 92563881000177 MENON COM E REPRES LTDA,Débito,Sem Identificação
LIQUIDACAO BOLETO SICREDI-243883011 92563881000177 MENON COM E REPRES LTDA,Débito,Sem Identificação
LIQUIDACAO BOLETO SICREDI-243921495 92563881000177 MENON COM E REPRES LTDA,Débito,Sem Identificação
LIQUIDACAO BOLETO SICREDI-243969471 92563881000177 MENON COM E REPRES LTDA,Débito,Sem Identificação
LIQUIDACAO BOLETO SICREDI-243997955 92563881000177 MENON COM E REPRES LTDA,Débito,Sem Identificação
LIQUIDACAO BOLETO SICREDI-244049317 92563881000177 MENON COM E REPRES LTDA,Débito,Sem Identificação
LIQUIDACAO BOLETO SICREDI-244049325 92563881000177 MENON COM E REPRES LTDA,Débito,Sem Identificação
LIQUIDACAO BOLETO SICREDI-244065495 92563881000177 MENON COM E REPRES LTDA,Débito,Sem Identificação
LIQUIDACAO BOLETO SICREDI-244940166 09536085000100 NETWAY,Débito,Sem Identificação
LIQUIDACAO BOLETO SICREDI-244940174 09536085000100 NETWAY,Débito,Sem Identificação
LIQUIDACAO BOLETO SICREDI-244940182 09536085000100 NETWAY,Débito,Sem Identificação
LIQUIDACAO BOLETO SICREDI-245674903 93071777000128 SAO RAFAEL DISTRIBUIDORA DE BE,Débito,Sem Identificação
LIQUIDACAO BOLETO SICREDI-245687550 93071777000128 SAO RAFAEL DISTRIBUIDORA DE BE,Débito,Sem Identificação
LIQUIDACAO BOLETO SICREDI-245702095 93071777000128 SAO RAFAEL DISTRIBUIDORA DE BE,Débito,Sem Identificação
LIQUIDACAO BOLETO SICREDI-245714891 93071777000128 SAO RAFAEL DISTRIBUIDORA DE BE,Débito,Sem Identificação
LIQUIDACAO BOLETO SICREDI-245728370 93071777000128 SAO RAFAEL DISTRIBUIDORA DE BE,Débito,Sem Identificação
LIQUIDACAO BOLETO SICREDI-248159843 05864656000176 DMSENG MED SEG TRABALHO,Débito,Sem Identificação
LIQUIDACAO BOLETO SICREDI-251000035 47772347000116 ASSOCIACAO ESPORTIVA UNIAO,Débito,Sem Identificação
LIQUIDACAO BOLETO SICREDI-251000050 10333488000122 DIGICOMTEL ELETRONICOS,Débito,Sem Identificação
LIQUIDACAO BOLETO SICREDI-251001099 10333488000122 DIGICOMTEL ELETRONICOS,Débito,Sem Identificação
LIQUIDACAO BOLETO SICREDI-251001915 07971895000150 BOITO  BOITO LTDA ME,Débito,Sem Identificação
LIQUIDACAO BOLETO SICREDI-251002230 10333488000122 DIGICOMTEL ELETRONICOS,Débito,Sem Identificação
LIQUIDACAO BOLETO SICREDI-252002877 07119129000162 FPOZOBON SISHIGLIMPLTDA,Débito,Sem Identificação
LIQUIDACAO BOLETO SICREDI-252003468 43817285000160 PAES BUENO,Débito,Sem Identificação
LIQUIDACAO BOLETO SICREDI-252009219 07119129000162 FPOZOBON SISHIGLIMPLTDA,Débito,Sem Identificação
LIQUIDACAO BOLETO SICREDI-252015580 43817285000160 PAES BUENO,Débito,Sem Identificação
LIQUIDACAO BOLETO SICREDI-252015637 13020554000100 MIX BRASIL DISTRIBUIDORA LTDA,Débito,Sem Identificação
LIQUIDACAO BOLETO SICREDI-252021104 05660690000129 J POLLETTO EPP,Débito,Despesas com Fornecedores
LIQUIDACAO BOLETO SICREDI-252021260 05660690000129 J POLLETTO EPP,Débito,Despesas com Fornecedores
LIQUIDACAO BOLETO SICREDI-252021422 05660690000129 J POLLETTO EPP,Débito,Despesas com Fornecedores
LIQUIDACAO BOLETO SICREDI-252021775 05660690000129 J POLLETTO EPP,Débito,Despesas com Fornecedores
LIQUIDACAO BOLETO SICREDI-252021821 05660690000129 J POLLETTO EPP,Débito,Despesas com Fornecedores
LIQUIDACAO BOLETO SICREDI-252021961 05660690000129 J POLLETTO EPP,Débito,Despesas com Fornecedores
LIQUIDACAO BOLETO SICREDI-252022143 05660690000129 J POLLETTO EPP,Débito,Despesas com Fornecedores
LIQUIDACAO BOLETO SICREDI-252022356 05660690000129 J POLLETTO EPP,Débito,Despesas com Fornecedores
LIQUIDACAO BOLETO SICREDI-252022378 92489723000114 LVA  DIST DE ALIM LTDA,Débito,Sem Identificação
LIQUIDACAO BOLETO SICREDI-252022436 07119129000162 FPOZOBON SISHIGLIMPLTDA,Débito,Sem Identificação
LIQUIDACAO BOLETO SICREDI-252028434 07119129000162 FPOZOBON SISHIGLIMPLTDA,Débito,Sem Identificação
LIQUIDACAO BOLETO SICREDI-252028824 90777913000101 OFELIA M MACHADO E CIA LTDA,Débito,Sem Identificação
LIQUIDACAO BOLETO SICREDI-252034850 07119129000162 FPOZOBON SISHIGLIMPLTDA,Débito,Sem Identificação
LIQUIDACAO BOLETO SICREDI-252037483 90777913000101 OFELIA M MACHADO E CIA LTDA,Débito,Sem Identificação
LIQUIDACAO BOLETO SICREDI-252041562 07119129000162 FPOZOBON SISHIGLIMPLTDA,Débito,Sem Identificação
LIQUIDACAO BOLETO SICREDI-252046033 07119129000162 FPOZOBON SISHIGLIMPLTDA,Débito,Sem Identificação
LIQUIDACAO BOLETO SICREDI-252063506 90777913000101 OFELIA M MACHADO E CIA LTDA,Débito,Sem Identificação
LIQUIDACAO BOLETO SICREDI-252545108 91411256000147 SANDER CENTER,Débito,Sem Identificação
LIQUIDACAO BOLETO SICREDI-252573675 91411256000147 SANDER CENTER,Débito,Sem Identificação
LIQUIDACAO BOLETO SICREDI-252600664 91411256000147 SANDER CENTER,Débito,Sem Identificação
LIQUIDACAO BOLETO SICREDI-253159129 04673212000190 C CASAGRANDE E CIA LTDA,Débito,Sem Identificação
LIQUIDACAO BOLETO SICREDI-253161484 04673212000190 C CASAGRANDE E CIA LTDA,Débito,Sem Identificação
LIQUIDACAO BOLETO SICREDI-253163363 04673212000190 C CASAGRANDE E CIA LTDA,Débito,Sem Identificação
LIQUIDACAO BOLETO SICREDI-253165684 04673212000190 C CASAGRANDE E CIA LTDA,Débito,Sem Identificação
LIQUIDACAO BOLETO SICREDI-253167822 04673212000190 C CASAGRANDE E CIA LTDA,Débito,Sem Identificação
LIQUIDACAO BOLETO SICREDI-253169922 04673212000190 C CASAGRANDE E CIA LTDA,Débito,Sem Identificação
LIQUIDACAO BOLETO SICREDI-253172214 04673212000190 C CASAGRANDE E CIA LTDA,Débito,Sem Identificação
LIQUIDACAO BOLETO SICREDI-253174365 04673212000190 C CASAGRANDE E CIA LTDA,Débito,Sem Identificação
LIQUIDACAO BOLETO SICREDI-253285126 05418346000209 LATICINIO STEFANELLO EIRELI,Débito,Sem Identificação
LIQUIDACAO BOLETO SICREDI-253295253 05418346000209 LATICINIO STEFANELLO EIRELI,Débito,Sem Identificação
LIQUIDACAO BOLETO SICREDI-253295350 05418346000209 LATICINIO STEFANELLO EIRELI,Débito,Sem Identificação
LIQUIDACAO BOLETO SICREDI-253317117 05418346000209 LATICINIO STEFANELLO EIRELI,Débito,Sem Identificação
LIQUIDACAO BOLETO SICREDI-253321360 05418346000209 LATICINIO STEFANELLO EIRELI,Débito,Sem Identificação
LIQUIDACAO BOLETO SICREDI-253333139 05418346000209 LATICINIO STEFANELLO EIRELI,Débito,Sem Identificação
LIQUIDACAO BOLETO SICREDI-253436013 97270490000269 APEBRUN COMERCIO DE CARNES EIR,Débito,Sem Identificação
LIQUIDACAO BOLETO SICREDI-253441564 97270490000269 APEBRUN COMERCIO DE CARNES EIR,Débito,Sem Identificação
LIQUIDACAO BOLETO SICREDI-253444032 97270490000269 APEBRUN COMERCIO DE CARNES EIR,Débito,Sem Identificação
LIQUIDACAO BOLETO SICREDI-253449085 97270490000269 APEBRUN COMERCIO DE CARNES EIR,Débito,Sem Identificação
LIQUIDACAO BOLETO SICREDI-253454518 97270490000269 APEBRUN COMERCIO DE CARNES EIR,Débito,Sem Identificação
LIQUIDACAO BOLETO SICREDI-253456944 97270490000269 APEBRUN COMERCIO DE CARNES EIR,Débito,Sem Identificação
LIQUIDACAO BOLETO SICREDI-253459358 97270490000269 APEBRUN COMERCIO DE CARNES EIR,Débito,Sem Identificação
LIQUIDACAO BOLETO SICREDI-254079820 92563881000177 MENON COM E REPRES LTDA,Débito,Sem Identificação
LIQUIDACAO BOLETO SICREDI-254117447 92563881000177 MENON COM E REPRES LTDA,Débito,Sem Identificação
LIQUIDACAO BOLETO SICREDI-254188182 92563881000177 MENON COM E REPRES LTDA,Débito,Sem Identificação
LIQUIDACAO BOLETO SICREDI-254209082 92563881000177 MENON COM E REPRES LTDA,Débito,Sem Identificação
LIQUIDACAO BOLETO SICREDI-254262846 92563881000177 MENON COM E REPRES LTDA,Débito,Sem Identificação
LIQUIDACAO BOLETO SICREDI-254283568 92563881000177 MENON COM E REPRES LTDA,Débito,Sem Identificação
LIQUIDACAO BOLETO SICREDI-254330299 92563881000177 MENON COM E REPRES LTDA,Débito,Sem Identificação
LIQUIDACAO BOLETO SICREDI-254357448 92563881000177 MENON COM E REPRES LTDA,Débito,Sem Identificação
LIQUIDACAO BOLETO SICREDI-255743274 93071777000128 SAO RAFAEL DISTRIBUIDORA DE BE,Débito,Sem Identificação
LIQUIDACAO BOLETO SICREDI-255775486 93071777000128 SAO RAFAEL DISTRIBUIDORA DE BE,Débito,Sem Identificação
LIQUIDACAO BOLETO SICREDI-255787646 93071777000128 SAO RAFAEL DISTRIBUIDORA DE BE,Débito,Sem Identificação
LIQUIDACAO BOLETO SICREDI-255804249 93071777000128 SAO RAFAEL DISTRIBUIDORA DE BE,Débito,Sem Identificação
LIQUIDACAO BOLETO SICREDI-255822565 93071777000128 SAO RAFAEL DISTRIBUIDORA DE BE,Débito,Sem Identificação
LIQUIDACAO BOLETO SICREDI-258164211 05864656000176 DMSENG MED SEG TRABALHO,Débito,Sem Identificação
LIQUIDACAO BOLETO SICREDI-258167911 05864656000176 DMSENG MED SEG TRABALHO,Débito,Sem Identificação
LIQUIDACAO BOLETO SICREDI-258174004 05864656000176 DMSENG MED SEG TRABALHO,Débito,Sem Identificação
LIQUIDACAO BOLETO SICREDI-600000612 47772347000116 ASSOCIACAO ESPORTIVA UNIAO,Débito,Sem Identificação
LIQUIDACAO BOLETO SICREDI-600000655 47772347000116 ASSOCIACAO ESPORTIVA UNIAO,Débito,Sem Identificação
LIQUIDACAO BOLETO-,Débito,Sem Identificação
LIQUIDACAO BOLETO-          00069957000437 PORTO A PORTO COM IMP EXP LTDA,Débito,Sem Identificação
LIQUIDACAO BOLETO-          00163222000125 FUTURA COML TRADING LTDA,Débito,Sem Identificação
LIQUIDACAO BOLETO-          01432935000100 NEWHOTEL CHECKIN,Débito,Sem Identificação
LIQUIDACAO BOLETO-          02016440000162 RGE SUL DIST DE ENERGIA SA,Débito,Sem Identificação
LIQUIDACAO BOLETO-          02016440000162 RGE SUL DISTRIBUIDORA DE ENERGIA SA,Débito,Sem Identificação
LIQUIDACAO BOLETO-          02674839000130 SINDICATO DOS TRABALHADORES EM HOTEIS B,Débito,Sem Identificação
LIQUIDACAO BOLETO-          02937517000137 ASCOENEEL SERVICOS E MAT ELETRICOS,Débito,Sem Identificação
LIQUIDACAO BOLETO-          04689051000123 AUTO GUINCHO TELES LTDA ME,Débito,Sem Identificação
LIQUIDACAO BOLETO-          05345804000146 CAFE DO MERCADO,Débito,Sem Identificação
LIQUIDACAO BOLETO-          05418346000209 LATICINIO STEFANELLO LTDA,Débito,Sem Identificação
LIQUIDACAO BOLETO-          05896541000163 PONTUAL DISTRIBUIDORA,Débito,Sem Identificação
LIQUIDACAO BOLETO-          05981300000112 LUZZA TREMEA E CIA LTDA ME,Débito,Sem Identificação
LIQUIDACAO BOLETO-          07196444000193 HARUS INDUSTRIA E COMERCIO DE COSMETICOS LTDA,Débito,Sem Identificação
LIQUIDACAO BOLETO-          07718633000189 UNIDASUL,Débito,Sem Identificação
LIQUIDACAO BOLETO-          07718633000189 UNIDASUL DIST ALIMENTICIA SA,Débito,Sem Identificação
LIQUIDACAO BOLETO-          07718633000189 UNIDASUL DISTRIB ALIM SA,Débito,Sem Identificação
LIQUIDACAO BOLETO-          07718633000189 UNIDASUL DISTRIBUIDORA ALIMENTICIA,Débito,Sem Identificação
LIQUIDACAO BOLETO-          07718633000189 UNIDASUL DISTRIBUIDORA ALIMENTICIA SA,Débito,Sem Identificação
LIQUIDACAO BOLETO-          08683268000187 PESCADOS DO PORTO  COMERCIO DE PEIXES LTDA  ME,Débito,Sem Identificação
LIQUIDACAO BOLETO-          08683268000187 PESCADOS DO PORTO COM PEIX LTD,Débito,Sem Identificação
LIQUIDACAO BOLETO-          10544779000160 MARCIA A SOUZA ROSA EIRELI EP,Débito,Sem Identificação
LIQUIDACAO BOLETO-          10625931000139 BOOKINGCOM BRASIL SERVICOS DE RESE     RVA DE HOT,Débito,Sem Identificação
LIQUIDACAO BOLETO-          12528107000196 MAISCACAU COMERCIAL ATACADISTA DE ALIMENTOS LTDA,Débito,Sem Identificação
LIQUIDACAO BOLETO-          13346682000130 LAGOENSE FOMENTO MERCANTIL LTDA,Débito,Sem Identificação
LIQUIDACAO BOLETO-          16973298000156 SUL ALFA DISTRIBUIDORA LTDA,Débito,Sem Identificação
LIQUIDACAO BOLETO-          20972168000176 SUL MATRIX HIDRO EIRELI,Débito,Sem Identificação
LIQUIDACAO BOLETO-          25298865000107 CASA LUCHESE PRODUTOS COLONIAIS LTDA,Débito,Sem Identificação
LIQUIDACAO BOLETO-          31565104002110 PEPSICO DO BRASIL LTDA,Débito,Sem Identificação
LIQUIDACAO BOLETO-          34023483000161 RAR INDUSTRIA E COMERCIO DE ALIMENTOS LT,Débito,Sem Identificação
LIQUIDACAO BOLETO-          36416481000168 CREDIFATOR SERVICOS DE COBRANCA LTDA,Débito,Sem Identificação
LIQUIDACAO BOLETO-          44433452000132 FR INVEST LTDA,Débito,Sem Identificação
LIQUIDACAO BOLETO-          44945858000102 THOMAS E BORBA ADVOGADOS ASSOCIADOS,Débito,Sem Identificação
LIQUIDACAO BOLETO-          47222454000170 GIOVAN NADAL FERNANDES 02290417017,Débito,Sem Identificação
LIQUIDACAO BOLETO-          49706361000147 DMS SAUDE OCUPACIONAL LTDA,Débito,Sem Identificação
LIQUIDACAO BOLETO-          52722996000142 DMS CONSULTORIA EM MEIO AMBIENTE LTDA,Débito,Sem Identificação
LIQUIDACAO BOLETO-          52731706000127 SYSTEMVAC SERVICOS E EMBALAGEN,Débito,Sem Identificação
LIQUIDACAO BOLETO-          53400248000610 MECANO PACK EMBALAGENS SA,Débito,Sem Identificação
LIQUIDACAO BOLETO-          60409075000152 NESTLE BRASIL LTDA,Débito,Sem Identificação
LIQUIDACAO BOLETO-          61186888000193 SPAL IND BRAS DE BEBIDAS SA,Débito,Sem Identificação
LIQUIDACAO BOLETO-          61499281000163 DORMAKABA BR SOL DE ACESSO,Débito,Sem Identificação
LIQUIDACAO BOLETO-          61602199000112 CIA ULTRAGAZ S A,Débito,Sem Identificação
LIQUIDACAO BOLETO-          79875183000149 DIHELO ALIMENTOS LTDA,Débito,Sem Identificação
LIQUIDACAO BOLETO-          81611931000128 OESA COMERCIO E REPRESENTACOES SA,Débito,Sem Identificação
LIQUIDACAO BOLETO-          83310441000117 COOP CENTRAL AURORA ALIMENTOS,Débito,Sem Identificação
LIQUIDACAO BOLETO-          88587357000169 COOP SANTA CLARA LTDA,Débito,Sem Identificação
LIQUIDACAO BOLETO-          89371561000100 J D COM  IMP E REPRES LTDA,Débito,Sem Identificação
LIQUIDACAO BOLETO-          90481722000106 NEPOMUCENO EMPRESA JORNALISTICA LTDA,Débito,Sem Identificação
LIQUIDACAO BOLETO-          92909068000106 CONSELHO REGIONAL DE QUIMICA DA 5A REGIAO,Débito,Sem Identificação
LIQUIDACAO BOLETO-          93991685000166 FRUMAR FRUTOS DO MAR LTDA,Débito,Sem Identificação
LIQUIDACAO BOLETO-          94995859000121 LABORATORIO NICOLODI LTDA,Débito,Sem Identificação
LIQUIDACAO BOLETO-          98513187000121 MOINHO VACARIA INDUSTRIAL E AGRICOLA LTDA,Débito,Sem Identificação
LIQUIDACAO CONTRATO-C02230169,Débito,Sem Identificação
OPERACAO CAPITAL GIRO CONTR 015940028 PARC 026/060,Débito,Sem Identificação
PAGAMENTO PIX SICREDI-CX120605  10203118000170 ECOOLEO INDUSTRIA E COMERCIO LTDA,Débito,Sem Identificação
PAGAMENTO PIX SICREDI-CX12140   18243841000195 MSS INDUSTRIA GRAFICA LTDA,Débito,Sem Identificação
PAGAMENTO PIX SICREDI-CX188734  87615225000130 TAPEJARENSE INDUSTRIA GRAFICA LTDA,Débito,Sem Identificação
PAGAMENTO PIX SICREDI-CX204039  50483796000159 COSTA E ZIMMER LTDA,Débito,Sem Identificação
PAGAMENTO PIX SICREDI-CX231762  04546028000180 CONFECCOES TONIAL LTDA,Débito,Sem Identificação
PAGAMENTO PIX SICREDI-CX260902  26821127000165 26821127 RENAN LUIZ MEZZOMO,Débito,Sem Identificação
PAGAMENTO PIX SICREDI-CX304459  37967983000140 ADAO ROGERIO OLIVEIRA DOS PASSOS 43694500049,Débito,Sem Identificação
PAGAMENTO PIX SICREDI-CX336305  37967983000140 ADAO ROGERIO OLIVEIRA DOS PASSOS 43694500049,Débito,Sem Identificação
PAGAMENTO PIX SICREDI-CX37024   95131033000187 WIMAQ EQUIPAMENTOS E SUPRIMENTOS PARA ESCRITORIO L,Débito,Sem Identificação
PAGAMENTO PIX SICREDI-CX407981  18243841000195 MSS INDUSTRIA GRAFICA LTDA,Débito,Sem Identificação
PAGAMENTO PIX SICREDI-CX426472  90837691000175 CONTEC ORGANIZACOES CONTABEIS LTDA ME,Débito,Sem Identificação
PAGAMENTO PIX SICREDI-CX457166  90837691000175 CONTEC ORGANIZACOES CONTABEIS LTDA ME,Débito,Sem Identificação
PAGAMENTO PIX SICREDI-CX460130  06936036000320 LUIZ ARGENTA VINHOS FINOS LTDA,Débito,Sem Identificação
PAGAMENTO PIX SICREDI-CX471501  89766141000123 GRUDZINSKI COMERCIO DE MOVEIS LTDA,Débito,Sem Identificação
PAGAMENTO PIX SICREDI-CX51222   87079976000180 VIDRACARIA LAGOENSE LTDA,Débito,Sem Identificação
PAGAMENTO PIX SICREDI-CX638425  01664584064 CRISTIAN LAZZARETTI,Débito,Sem Identificação
PAGAMENTO PIX SICREDI-CX639599  03615748000197 JANY POLMANN MORETTO,Débito,Sem Identificação
PAGAMENTO PIX SICREDI-CX675585  07430987000123 LEBI INDUSTRIA E COMERCIO LTDA,Débito,Sem Identificação
PAGAMENTO PIX SICREDI-CX721243  07971895000150 BOITO E BOITO LTDA,Débito,Sem Identificação
PAGAMENTO PIX SICREDI-CX729290  50483796000159 COSTA E ZIMMER LTDA,Débito,Sem Identificação
PAGAMENTO PIX SICREDI-CX775089  18243841000195 MSS INDUSTRIA GRAFICA LTDA,Débito,Sem Identificação
PAGAMENTO PIX SICREDI-CX814261  90837691000175 CONTEC ORGANIZACOES CONTABEIS LTDA ME,Débito,Sem Identificação
PAGAMENTO PIX SICREDI-CX83522   17197131000103 VALDEMIR CORREA DE OLIVEIRA,Débito,Sem Identificação
PAGAMENTO PIX SICREDI-CX850053  37967983000140 ADAO ROGERIO OLIVEIRA DOS PASSOS 43694500049,Débito,Sem Identificação
PAGAMENTO PIX SICREDI-CX872568  22081259000147 MAGNVS DISTRIBUIDORA IMPORTADORA E EXPORTADORA LTD,Débito,Sem Identificação
PAGAMENTO PIX SICREDI-CX896513  22081259000147 MAGNVS DISTRIBUIDORA IMPORTADORA E EXPORTADORA LTD,Débito,Sem Identificação
PAGAMENTO PIX SICREDI-CX943031  37967983000140 ADAO ROGERIO OLIVEIRA DOS PASSOS 43694500049,Débito,Sem Identificação
PAGAMENTO PIX SICREDI-CX98969   90837691000175 CONTEC ORGANIZACOES CONTABEIS LTDA ME,Débito,Sem Identificação
PAGAMENTO PIX-PIX_DEB   00360305000104 CAIXA ECONOMICA FEDERAL,Débito,Sem Identificação
PAGAMENTO PIX-PIX_DEB   02543982000193 FRUTEIRA SAO PAULO LTDA,Débito,Sem Identificação
PAGAMENTO PIX-PIX_DEB   02563244099 Adriano Cerri,Débito,Sem Identificação
PAGAMENTO PIX-PIX_DEB   02576328000186 QUICKLY TRAVEL,Débito,Sem Identificação
PAGAMENTO PIX-PIX_DEB   03448049093 Milena Heming Nadal,Débito,Sem Identificação
PAGAMENTO PIX-PIX_DEB   03583053000170 J C MATERIAIS PARA CONSTRUCAO,Débito,Sem Identificação
PAGAMENTO PIX-PIX_DEB   03583053000170 JC CASA E CONSTRUCAO MATERIAIS DE CONSTRUCAO LTDA,Débito,Sem Identificação
PAGAMENTO PIX-PIX_DEB   04051397998 GABRIEL OLIVEIRA MARTINS,Débito,Sem Identificação
PAGAMENTO PIX-PIX_DEB   06157430000106 ECOS TURISMO LTDA,Débito,Sem Identificação
PAGAMENTO PIX-PIX_DEB   07457060000187 FLYTOUR AMERICAN EXPRESS SERVICOS DE VIAGENS,Débito,Sem Identificação
PAGAMENTO PIX-PIX_DEB   07541898996 MICHEL DIEGO KRAMER,Débito,Sem Identificação
PAGAMENTO PIX-PIX_DEB   07964599000122 PCSUL INFORMATICA LTDA,Débito,Sem Identificação
PAGAMENTO PIX-PIX_DEB   16997112000107 PADARIA E CONFEITARIA PALACIO DOS SABORES,Débito,Sem Identificação
PAGAMENTO PIX-PIX_DEB   16997112000107 PADARIA E CONFEITARIA PALACIO DOS SABORES LTDA,Débito,Sem Identificação
PAGAMENTO PIX-PIX_DEB   16997112000107 PADARIA E CONFEITARIA PALACIO DOS SABORES LTDA ME,Débito,Sem Identificação
PAGAMENTO PIX-PIX_DEB   17273847000142 VINICOLA FAMILIA LEMOS DE ALMEIDA VINHAS E VINHOS,Débito,Sem Identificação
PAGAMENTO PIX-PIX_DEB   18732919000135 GRIGOL COMERCIO DE ALIMENTOS LTDA,Débito,Sem Identificação
PAGAMENTO PIX-PIX_DEB   19949307000161 VINICOLA DON GUERINO LTDA,Débito,Sem Identificação
PAGAMENTO PIX-PIX_DEB   22712006000124 EPI'S ONLINE COMERCIO LTDA - EPP,Débito,Sem Identificação
PAGAMENTO PIX-PIX_DEB   22804780000165 ANDERSON DA SILVA CARVALHO 01221950002,Débito,Sem Identificação
PAGAMENTO PIX-PIX_DEB   29720624000165 SUPERMERCADOS POSSER LTDA,Débito,Sem Identificação
PAGAMENTO PIX-PIX_DEB   30474813000184 ONEIDE RICARDO CIRINO E SILVA 95115129000,Débito,Sem Identificação
PAGAMENTO PIX-PIX_DEB   31894812000151 RABISCARIA ESTUDIO CRIATIVO LTDA,Débito,Sem Identificação
PAGAMENTO PIX-PIX_DEB   32546471000196 Smartpay Serviços Digitais Ltda,Débito,Sem Identificação
PAGAMENTO PIX-PIX_DEB   34693440000 NEUZA DE FATIMA DOS SANTOS TREVISAN,Débito,Sem Identificação
PAGAMENTO PIX-PIX_DEB   35882960000107 35.882.960 CASSANDRA DA SILVA MOREIRA,Débito,Sem Identificação
PAGAMENTO PIX-PIX_DEB   36054174000184 ROCYELI DIAS JACOB RIBEIRO 02379725063,Débito,Sem Identificação
PAGAMENTO PIX-PIX_DEB   43637214000186 Copastur Viagens e Turismo Ltda.,Débito,Sem Identificação
PAGAMENTO PIX-PIX_DEB   43706913000130 43706913 CARMEN REGINA BELINI MEZZOMO,Débito,Sem Identificação
PAGAMENTO PIX-PIX_DEB   47222454000170 GIOVAN NADAL FERNANDES 02290417017,Débito,Sem Identificação
PAGAMENTO PIX-PIX_DEB   49424928000192 49.424.928 ADRIANO CERRI,Débito,Sem Identificação
PAGAMENTO PIX-PIX_DEB   52487371000143 MONUMENTO E MEMORIAL PORCA VEIA,Débito,Sem Identificação
PAGAMENTO PIX-PIX_DEB   52731706000127 SYSTEMVAC SERVICOS E EMBALAGENS LTDA,Débito,Sem Identificação
PAGAMENTO PIX-PIX_DEB   54597549000134 SUPREMO TEC LTDA,Débito,Sem Identificação
PAGAMENTO PIX-PIX_DEB   60922598000106 MARINGA PASSAGENS TURISMO LTDA,Débito,Sem Identificação
PAGAMENTO PIX-PIX_DEB   74376535087 JULIANO GROSSI SBEGHEN,Débito,Sem Identificação
PAGAMENTO PIX-PIX_DEB   81348118091 MAURICIO TELES CASARIN,Débito,Sem Identificação
PAGAMENTO PIX-PIX_DEB   82014337004 RONALDO FERREIRA GEREVINI,Débito,Sem Identificação
PAGAMENTO PIX-PIX_DEB   90331059000155 REFRIGERAÇÃO TESTA LTDA - EPP,Débito,Sem Identificação
PAGAMENTO PIX-PIX_DEB   91319392000101 VINICOLA PERINI LTDA,Débito,Sem Identificação
PAGAMENTO PIX-PIX_DEB   94995859000121 LABORATORIO NICOLODI LTDA,Débito,Sem Identificação
PAGAMENTO PIX-PIX_DEB   94995859000121 LABORATORIO NICOLODI LTDA ME,Débito,Sem Identificação
PARCELA OPERACAO CREDITO,Débito,Empréstimos
TAR COMANDADA COBRANCA ALTERACAO VENCIMENTO TIT00000001,Débito,Tarifas Bancárias
TAR COMANDADA COBRANCA BX TIT PELO BENEFICIARIO00000001,Débito,Tarifas Bancárias
TARIFA REGISTRO COBRANCA QUANDO DO REGISTRO      00000001,Débito,Tarifas Bancárias
TARIFA REGISTRO COBRANCA QUANDO DO REGISTRO      00000002,Débito,Tarifas Bancárias
TARIFA REGISTRO COBRANCA QUANDO DO REGISTRO      00000003,Débito,Tarifas Bancárias
TARIFA REGISTRO COBRANCA QUANDO DO REGISTRO      00000004,Débito,Tarifas Bancárias
TARIFAS - PGTO FOLHA-TARIFA    CTA. SALARIO P/ CC SICREDI,Débito,Tarifas Bancárias
TARIFAS - PGTO FOLHA-TARIFA    CTA. SALARIO P/ CP SICREDI,Débito,Tarifas Bancárias
TARIFAS - PGTO FOLHA-TARIFA    CTA. SALARIO P/ OUTROS BANCOS,Débito,Tarifas Bancárias
TARIFAS - PGTO FOLHA-TARIFA    PERMAN. RECURSO CTA. SALARIO,Débito,Tarifas Bancárias
TED D CC HBANK* DEST. LAGOA PARQUE HOTEL L,Débito,Transferência entre contas
TRANSF ENTRE CONTAS-SI00017   00175905070 CARLANA SARTORI CASARIN,Débito,Sem Identificação
TRANSF ENTRE CONTAS-SI00034   00175905070 CARLANA SARTORI CASARIN,Débito,Sem Identificação
TRANSF ENTRE CONTAS-SI00040   00175905070 CARLANA SARTORI CASARIN,Débito,Sem Identificação
TRANSF ENTRE CONTAS-SI00055   00175905070 CARLANA SARTORI CASARIN,Débito,Sem Identificação
TRANSF ENTRE CONTAS-SI00064   00175905070 CARLANA SARTORI CASARIN,Débito,Sem Identificação
TV POR ASSINATURA OI TV-00000037602677,Débito,Telefone / Internet
TV POR ASSINATURA OI TV-00000037604072,Débito,Telefone / Internet
CEI     000043 DINHEIRO,Crédito,Receita de Vendas
CEI     000044 DINHEIRO,Crédito,Receita de Vendas
CEI     000045 DINHEIRO,Crédito,Receita de Vendas
CEI     000046 DINHEIRO,Crédito,Receita de Vendas
CIELO VDA CREDITO ELO CIELO SA,Crédito,Sem Identificação
CIELO VDA CREDITO MASTER CIELO SA,Crédito,Sem Identificação
CREDIARIO ITAU    008,Crédito,Receita de Vendas
CREDIARIO ITAU    109,Crédito,Outros Recebimentos
CREDITO CARTAO,Crédito,Receita de Vendas
CXE     000045 DEPOSITO,Crédito,Receita de Vendas
ELECTRONIFOOD   NIC EST,Crédito,Receita de Vendas
ESTORNO DE LANCAMENTO*,Crédito,Sem Identificação
ESTORNO TARIFAS CestaEmpresarial2,Crédito,Sem Identificação
ESTORNO TARIFAS MANUT CARTAO DEBITO,Crédito,Sem Identificação
Emprest Pessoal,Crédito,Sem Identificação
OPERACAO CAPITAL GIRO,Crédito,Sem Identificação
PIX QR CODE ESTATIC REM: ODALEA MARIA BRUGGEMA 01/03,Crédito,Receita de Vendas
PIX TRANSF  ANTONIO29 03,Crédito,Receita de Vendas
PIX TRANSF  BANCO I20 01,Crédito,Receita de Vendas
PIX TRANSF  BANCO I28 12,Crédito,Receita de Vendas
PIX TRANSF  CNP CON14 09,Crédito,Receita de Vendas
PIX TRANSF  CNP CON18 09,Crédito,Receita de Vendas
PIX TRANSF  DEMERGE26 01,Crédito,Receita de Vendas
PIX TRANSF  ENRICO 05 04,Crédito,Receita de Vendas
PIX TRANSF  ENRICO 15 10,Crédito,Receita de Vendas
PIX TRANSF  FIGUEIR03 05,Crédito,Receita de Vendas
PIX TRANSF  FIGUEIR05 04,Crédito,Receita de Vendas
PIX TRANSF  FIGUEIR06 03,Crédito,Receita de Vendas
PIX TRANSF  FIGUEIR22 12,Crédito,Receita de Vendas
PIX TRANSF  GO SHOP20 12,Crédito,Receita de Vendas
PIX TRANSF  JM CAMP03 12,Crédito,Receita de Vendas
PIX TRANSF  JM CAMP05 07,Crédito,Receita de Vendas
PIX TRANSF  JM CAMP12 11,Crédito,Receita de Vendas
PIX TRANSF  JM CAMP12 12,Crédito,Receita de Vendas
PIX TRANSF  JM CAMP13 11,Crédito,Receita de Vendas
PIX TRANSF  JM CAMP16 09,Crédito,Receita de Vendas
PIX TRANSF  JM CAMP28 07,Crédito,Receita de Vendas
PIX TRANSF  JM CAMP28 10,Crédito,Receita de Vendas
PIX TRANSF  JM CAMP29 07,Crédito,Receita de Vendas
PIX TRANSF  JOAO BA09 05,Crédito,Receita de Vendas
PIX TRANSF  JOAO BA14 08,Crédito,Receita de Vendas
PIX TRANSF  JOAO BA29 03,Crédito,Receita de Vendas
PIX TRANSF  JOAO BA31 01,Crédito,Receita de Vendas
PIX TRANSF  JOSE MA01 11,Crédito,Receita de Vendas
PIX TRANSF  JOSE MA06 09,Crédito,Receita de Vendas
PIX TRANSF  JOSE MA11 05,Crédito,Receita de Vendas
PIX TRANSF  JOSE MA11 06,Crédito,Receita de Vendas
PIX TRANSF  JOSE MA13 05,Crédito,Receita de Vendas
PIX TRANSF  JOSE MA28 10,Crédito,Receita de Vendas
PIX TRANSF  KARIM Y08 09,Crédito,Receita de Vendas
PIX TRANSF  KARIM Y09 10,Crédito,Receita de Vendas
PIX TRANSF  KARIM Y12 11,Crédito,Receita de Vendas
PIX TRANSF  KARIM Y13 11,Crédito,Receita de Vendas
PIX TRANSF  KARIM Y13 12,Crédito,Receita de Vendas
PIX TRANSF  KARIM Y14 05,Crédito,Receita de Vendas
PIX TRANSF  KARIM Y16 10,Crédito,Receita de Vendas
PIX TRANSF  KARIM Y17 04,Crédito,Receita de Vendas
PIX TRANSF  KARIM Y18 06,Crédito,Receita de Vendas
PIX TRANSF  KARIM Y18 09,Crédito,Receita de Vendas
PIX TRANSF  KARIM Y28 03,Crédito,Receita de Vendas
PIX TRANSF  KARIM Y29 03,Crédito,Receita de Vendas
PIX TRANSF  LUX HOU12 11,Crédito,Receita de Vendas
PIX TRANSF  LUX HOU30 10,Crédito,Receita de Vendas
PIX TRANSF  MARIA E11 12,Crédito,Receita de Vendas
PIX TRANSF  MAURO L17 06,Crédito,Receita de Vendas
PIX TRANSF Alcir B11 01,Crédito,Receita de Vendas
PIX TRANSF Alcir B20 01,Crédito,Receita de Vendas
PIX TRANSF Antonio05 03,Crédito,Receita de Vendas
PIX TRANSF FIGUEIR05 01,Crédito,Receita de Vendas
PIX TRANSF FIGUEIR06 02,Crédito,Receita de Vendas
PIX TRANSF JOAO BA09 01,Crédito,Receita de Vendas
PIX TRANSF KARIM Y09 01,Crédito,Receita de Vendas
PIX TRANSF KARIM Y14 03,Crédito,Receita de Vendas
PIX TRANSF KARIM Y19 02,Crédito,Receita de Vendas
PIX TRANSF KARIM Y23 01,Crédito,Receita de Vendas
PIX TRANSF LUIZ FE01 06,Crédito,Receita de Vendas
PIX TRANSF LUX HOU06 01,Crédito,Receita de Vendas
PIX TRANSF Ricardo02 02,Crédito,Receita de Vendas
PIX TRANSF Ricardo12 02,Crédito,Receita de Vendas
RESGATE INVEST FACIL,Crédito,Transferência entre contas
Receb Pagfor Bradesco Vida e Previdencia sa,Crédito,Outros Recebimentos
Resgate Inv Fac,Crédito,Transferência entre contas
SISPAG PIX  MONDADORI FA,Crédito,Receita de Vendas
SISPAG PIX MAR DE JURERE TUR,Crédito,Receita de Vendas
SISPAG PIX MONDADORI FARIAS,Crédito,Receita de Vendas
TBI 4100 21228 3,Crédito,Receita de Vendas
TED 237 1327 ESPORTE C B,Crédito,Sem Identificação
TED 237 2502 JM C T D L,Crédito,Receita de Vendas
TED 237 3245 JOSE M C,Crédito,Receita de Vendas
TED-TRANSF ELET DISPON REMET.AVAI FUTEBOL CLUBE,Crédito,Sem Identificação
TED-TRANSF ELET DISPON REMET.GPBR PARTICIPACOES L,Crédito,Sem Identificação
TED-TRANSF ELET DISPON REMET.JOSE MARIO CAMPEIZ,Crédito,Sem Identificação
TED-TRANSF ELET DISPON REMET.SERGIO LUIZ FLACH,Crédito,Sem Identificação
TED-TRANSF ELET DISPON REMET.SILVIA CASTRO FLACH,Crédito,Sem Identificação
TRANSF AUTORIZ ENTRE AGS Jose Mario Campeiz,Crédito,Sem Identificação
TRANSFERENCIA PIX REM: 48.898.006 S NOVELLI  03/05,Crédito,Receita de Vendas
TRANSFERENCIA PIX REM: 48.898.006 S NOVELLI  05/04,Crédito,Receita de Vendas
TRANSFERENCIA PIX REM: ADRIAO RIBEIRO BARBOS 04/04,Crédito,Receita de Vendas
TRANSFERENCIA PIX REM: ADRIAO RIBEIRO BARBOS 28/02,Crédito,Receita de Vendas
TRANSFERENCIA PIX REM: ALAN MATOS DE SOUZA   06/03,Crédito,Receita de Vendas
TRANSFERENCIA PIX REM: ALAN MATOS DE SOUZA   08/04,Crédito,Receita de Vendas
TRANSFERENCIA PIX REM: ALBERTO STOPPE JUNIOR 09/02,Crédito,Receita de Vendas
TRANSFERENCIA PIX REM: ALBERTO STOPPE JUNIOR 12/01,Crédito,Receita de Vendas
TRANSFERENCIA PIX REM: AMAURI GERASSI        04/04,Crédito,Receita de Vendas
TRANSFERENCIA PIX REM: AMAURI GERASSI        07/03,Crédito,Receita de Vendas
TRANSFERENCIA PIX REM: AMAURI GERASSI        08/02,Crédito,Receita de Vendas
TRANSFERENCIA PIX REM: AMAURI GERASSI        12/01,Crédito,Receita de Vendas
TRANSFERENCIA PIX REM: ANDREA DE MORAES HENN 05/09,Crédito,Receita de Vendas
TRANSFERENCIA PIX REM: ANDREA DE MORAES HENN 05/10,Crédito,Receita de Vendas
TRANSFERENCIA PIX REM: ANDREA DE MORAES HENN 07/11,Crédito,Receita de Vendas
TRANSFERENCIA PIX REM: ANDREA DE MORAES HENN 09/05,Crédito,Receita de Vendas
TRANSFERENCIA PIX REM: ANDREA DE MORAES HENN 10/04,Crédito,Receita de Vendas
TRANSFERENCIA PIX REM: ANGELITA V V HELAYEL  07/03,Crédito,Receita de Vendas
TRANSFERENCIA PIX REM: ANGELITA V V HELAYEL  11/04,Crédito,Receita de Vendas
TRANSFERENCIA PIX REM: ANGELITA V V HELAYEL  11/05,Crédito,Receita de Vendas
TRANSFERENCIA PIX REM: Agatha Cristye Olinge 15/05,Crédito,Receita de Vendas
TRANSFERENCIA PIX REM: BEATRIZ S CORNELIUS   20/03,Crédito,Receita de Vendas
TRANSFERENCIA PIX REM: BRUNO FABIANO ALVES   10/01,Crédito,Receita de Vendas
TRANSFERENCIA PIX REM: CASSIANA VANESSA KERB 23/08,Crédito,Receita de Vendas
TRANSFERENCIA PIX REM: CELSO C CAITETE       03/04,Crédito,Receita de Vendas
TRANSFERENCIA PIX REM: CELSO C CAITETE       03/05,Crédito,Receita de Vendas
TRANSFERENCIA PIX REM: CIANDRA 00679426957   07/11,Crédito,Receita de Vendas
TRANSFERENCIA PIX REM: CIANDRA 00679426957   13/12,Crédito,Receita de Vendas
TRANSFERENCIA PIX REM: CLARISSA PERES SANCHE 06/09,Crédito,Receita de Vendas
TRANSFERENCIA PIX REM: CLAUDIO JOSE FRANCHIN 05/04,Crédito,Receita de Vendas
TRANSFERENCIA PIX REM: CLAUDIO JOSE FRANCHIN 06/03,Crédito,Receita de Vendas
TRANSFERENCIA PIX REM: CLAUDIO JOSE FRANCHIN 08/02,Crédito,Receita de Vendas
TRANSFERENCIA PIX REM: CLAUDIO JOSE FRANCHIN 08/05,Crédito,Receita de Vendas
TRANSFERENCIA PIX REM: CLEUSA PERIN ACEVEDO  05/04,Crédito,Receita de Vendas
TRANSFERENCIA PIX REM: CLEUSA PERIN ACEVEDO  16/02,Crédito,Receita de Vendas
TRANSFERENCIA PIX REM: CRISTIANA NOGUEIRA DO 01/02,Crédito,Receita de Vendas
TRANSFERENCIA PIX REM: CRISTIANA NOGUEIRA DO 01/11,Crédito,Receita de Vendas
TRANSFERENCIA PIX REM: CRISTIANA NOGUEIRA DO 01/12,Crédito,Receita de Vendas
TRANSFERENCIA PIX REM: CRISTIANA NOGUEIRA DO 02/01,Crédito,Receita de Vendas
TRANSFERENCIA PIX REM: CRISTIANA NOGUEIRA DO 04/10,Crédito,Receita de Vendas
TRANSFERENCIA PIX REM: CRISTIANA NOGUEIRA DO 05/09,Crédito,Receita de Vendas
TRANSFERENCIA PIX REM: Cesar Adil Couto de O 04/10,Crédito,Receita de Vendas
TRANSFERENCIA PIX REM: Cesar Adil Couto de O 18/08,Crédito,Receita de Vendas
TRANSFERENCIA PIX REM: Ciandra De Matos      04/10,Crédito,Receita de Vendas
TRANSFERENCIA PIX REM: Claudia Plaszewski No 01/03,Crédito,Receita de Vendas
TRANSFERENCIA PIX REM: Claudia Plaszewski No 09/09,Crédito,Receita de Vendas
TRANSFERENCIA PIX REM: Claudia Plaszewski No 10/10,Crédito,Receita de Vendas
TRANSFERENCIA PIX REM: Claudia Plaszewski No 12/11,Crédito,Receita de Vendas
TRANSFERENCIA PIX REM: Claudia Plaszewski No 13/12,Crédito,Receita de Vendas
TRANSFERENCIA PIX REM: DAIANE LAUX CONTE     10/03,Crédito,Receita de Vendas
TRANSFERENCIA PIX REM: DAIANE LAUX CONTE     10/04,Crédito,Receita de Vendas
TRANSFERENCIA PIX REM: DANIELA MORATTO ROCCO 07/03,Crédito,Receita de Vendas
TRANSFERENCIA PIX REM: DANIELA MORATTO ROCCO 08/05,Crédito,Receita de Vendas
TRANSFERENCIA PIX REM: DANIELA MORATTO ROCCO 11/04,Crédito,Receita de Vendas
TRANSFERENCIA PIX REM: DANIELA MORATTO ROCCO 25/01,Crédito,Receita de Vendas
TRANSFERENCIA PIX REM: DULCE MARIA HOLANDA M 03/04,Crédito,Receita de Vendas
TRANSFERENCIA PIX REM: DULCE MARIA HOLANDA M 03/11,Crédito,Receita de Vendas
TRANSFERENCIA PIX REM: DULCE MARIA HOLANDA M 05/09,Crédito,Receita de Vendas
TRANSFERENCIA PIX REM: DULCE MARIA HOLANDA M 08/05,Crédito,Receita de Vendas
TRANSFERENCIA PIX REM: DULCE MARIA HOLANDA M 08/12,Crédito,Receita de Vendas
TRANSFERENCIA PIX REM: DULCE MARIA HOLANDA M 27/02,Crédito,Receita de Vendas
TRANSFERENCIA PIX REM: FABIANA RAABE MULLER  30/03,Crédito,Receita de Vendas
TRANSFERENCIA PIX REM: FABIO RIBEIRO DE ABRE 03/03,Crédito,Receita de Vendas
TRANSFERENCIA PIX REM: FABIO RIBEIRO DE ABRE 03/04,Crédito,Receita de Vendas
TRANSFERENCIA PIX REM: FABIO RIBEIRO DE ABRE 03/11,Crédito,Receita de Vendas
TRANSFERENCIA PIX REM: FABIO RIBEIRO DE ABRE 04/05,Crédito,Receita de Vendas
TRANSFERENCIA PIX REM: FABIO RIBEIRO DE ABRE 05/09,Crédito,Receita de Vendas
TRANSFERENCIA PIX REM: FABIO RIBEIRO DE ABRE 06/10,Crédito,Receita de Vendas
TRANSFERENCIA PIX REM: FABIO RIBEIRO DE ABRE 06/12,Crédito,Receita de Vendas
TRANSFERENCIA PIX REM: FABIO RIBEIRO DE ABRE 08/02,Crédito,Receita de Vendas
TRANSFERENCIA PIX REM: FABIO RIBEIRO DE ABRE 09/01,Crédito,Receita de Vendas
TRANSFERENCIA PIX REM: FABRICIO SILVA GRANJA 02/04,Crédito,Receita de Vendas
TRANSFERENCIA PIX REM: FABRICIO SILVA GRANJA 08/05,Crédito,Receita de Vendas
TRANSFERENCIA PIX REM: FABRICIO SILVA GRANJA 20/03,Crédito,Receita de Vendas
TRANSFERENCIA PIX REM: FELIPE GUIMARAES MALT 05/10,Crédito,Receita de Vendas
TRANSFERENCIA PIX REM: FELIPE GUIMARAES MALT 13/10,Crédito,Receita de Vendas
TRANSFERENCIA PIX REM: FELIPE GUIMARAES MALT 25/08,Crédito,Receita de Vendas
TRANSFERENCIA PIX REM: FERNANDO SERGIO MAIA  05/05,Crédito,Receita de Vendas
TRANSFERENCIA PIX REM: FERNANDO SERGIO MAIA  30/03,Crédito,Receita de Vendas
TRANSFERENCIA PIX REM: FREDERICO GENDRA RIBE 28/02,Crédito,Receita de Vendas
TRANSFERENCIA PIX REM: FRONT ROW BRASIL EVEN 18/01,Crédito,Receita de Vendas
TRANSFERENCIA PIX REM: IVAN BEDNARSKI DE SOU 05/01,Crédito,Receita de Vendas
TRANSFERENCIA PIX REM: IVAN BEDNARSKI DE SOU 06/04,Crédito,Receita de Vendas
TRANSFERENCIA PIX REM: IVAN BEDNARSKI DE SOU 15/02,Crédito,Receita de Vendas
TRANSFERENCIA PIX REM: JOSE MARIO CAMPEIZ    03/04,Crédito,Receita de Vendas
TRANSFERENCIA PIX REM: JOSE MARIO CAMPEIZ    28/03,Crédito,Receita de Vendas
TRANSFERENCIA PIX REM: KARIM YAZAN NASSIF CO 23/08,Crédito,Receita de Vendas
TRANSFERENCIA PIX REM: Karine Balaian Goldbe 20/01,Crédito,Receita de Vendas
TRANSFERENCIA PIX REM: Karine Oliveira e Sil 02/11,Crédito,Receita de Vendas
TRANSFERENCIA PIX REM: Karine Oliveira e Sil 06/03,Crédito,Receita de Vendas
TRANSFERENCIA PIX REM: Karine Oliveira e Sil 09/03,Crédito,Receita de Vendas
TRANSFERENCIA PIX REM: Karine Oliveira e Sil 11/05,Crédito,Receita de Vendas
TRANSFERENCIA PIX REM: Karine Oliveira e Sil 12/04,Crédito,Receita de Vendas
TRANSFERENCIA PIX REM: Karine Oliveira e Sil 18/08,Crédito,Receita de Vendas
TRANSFERENCIA PIX REM: Karine Oliveira e Sil 21/12,Crédito,Receita de Vendas
TRANSFERENCIA PIX REM: Karine Oliveira e Sil 27/09,Crédito,Receita de Vendas
TRANSFERENCIA PIX REM: LEONARDO MEDRADO BRIT 11/04,Crédito,Receita de Vendas
TRANSFERENCIA PIX REM: LEONARDO MEDRADO BRIT 13/03,Crédito,Receita de Vendas
TRANSFERENCIA PIX REM: LUIZ ALMIR CUNHA      01/02,Crédito,Receita de Vendas
TRANSFERENCIA PIX REM: LUIZ ALMIR CUNHA      01/03,Crédito,Receita de Vendas
TRANSFERENCIA PIX REM: LUIZ ALMIR CUNHA      04/04,Crédito,Receita de Vendas
TRANSFERENCIA PIX REM: LUIZ ALMIR CUNHA      29/01,Crédito,Receita de Vendas
TRANSFERENCIA PIX REM: LUIZ FERNANDO F PACHE 20/02,Crédito,Receita de Vendas
TRANSFERENCIA PIX REM: LUIZ FERNANDO F PACHE 24/03,Crédito,Receita de Vendas
TRANSFERENCIA PIX REM: LUIZ FERNANDO F PACHE 25/04,Crédito,Receita de Vendas
TRANSFERENCIA PIX REM: Leila Coelho Borges   08/05,Crédito,Receita de Vendas
TRANSFERENCIA PIX REM: MARCEL CARDOSO JACQUE 09/05,Crédito,Receita de Vendas
TRANSFERENCIA PIX REM: MARCEL CARDOSO JACQUE 12/01,Crédito,Receita de Vendas
TRANSFERENCIA PIX REM: MARCEL CARDOSO JACQUE 17/02,Crédito,Receita de Vendas
TRANSFERENCIA PIX REM: MARCEL CARDOSO JACQUE 20/04,Crédito,Receita de Vendas
TRANSFERENCIA PIX REM: MARCEL CARDOSO JACQUE 21/03,Crédito,Receita de Vendas
TRANSFERENCIA PIX REM: MARCOS GARBELLOTTO SI 10/01,Crédito,Receita de Vendas
TRANSFERENCIA PIX REM: MARCOS GARBELLOTTO SI 15/01,Crédito,Receita de Vendas
TRANSFERENCIA PIX REM: MARCOS GARBELLOTTO SI 27/01,Crédito,Receita de Vendas
TRANSFERENCIA PIX REM: MARIA CRISTINA SILVA  04/04,Crédito,Receita de Vendas
TRANSFERENCIA PIX REM: MARIA CRISTINA SILVA  04/05,Crédito,Receita de Vendas
TRANSFERENCIA PIX REM: MARILIA BUCHMANN      12/04,Crédito,Receita de Vendas
TRANSFERENCIA PIX REM: MARISTELA INEZ TONIET 05/12,Crédito,Receita de Vendas
TRANSFERENCIA PIX REM: MARISTELA INEZ TONIET 08/10,Crédito,Receita de Vendas
TRANSFERENCIA PIX REM: MARISTELA INEZ TONIET 14/03,Crédito,Receita de Vendas
TRANSFERENCIA PIX REM: MARISTELA INEZ TONIET 14/12,Crédito,Receita de Vendas
TRANSFERENCIA PIX REM: MARISTELA INEZ TONIET 15/05,Crédito,Receita de Vendas
TRANSFERENCIA PIX REM: MARISTELA INEZ TONIET 16/04,Crédito,Receita de Vendas
TRANSFERENCIA PIX REM: MAURO LUIZ SILVA MATT 02/05,Crédito,Receita de Vendas
TRANSFERENCIA PIX REM: MICHEL ALBERTO SILVES 05/10,Crédito,Receita de Vendas
TRANSFERENCIA PIX REM: MICHEL ALBERTO SILVES 07/11,Crédito,Receita de Vendas
TRANSFERENCIA PIX REM: MIGUEL CICERO TERRA L 20/03,Crédito,Receita de Vendas
TRANSFERENCIA PIX REM: MIRANDA AGUERO IRIGOY 13/10,Crédito,Receita de Vendas
TRANSFERENCIA PIX REM: MIRANDA AGUERO IRIGOY 14/09,Crédito,Receita de Vendas
TRANSFERENCIA PIX REM: Marcelo Natale Junkes 04/04,Crédito,Receita de Vendas
TRANSFERENCIA PIX REM: NILTON RIBERA PEREZ   14/03,Crédito,Receita de Vendas
TRANSFERENCIA PIX REM: ODALEA MARIA BRUGGEMA 02/05,Crédito,Receita de Vendas
TRANSFERENCIA PIX REM: ODALEA MARIA BRUGGEMA 03/04,Crédito,Receita de Vendas
TRANSFERENCIA PIX REM: ODALEA MARIA BRUGGEMA 07/11,Crédito,Receita de Vendas
TRANSFERENCIA PIX REM: ODALEA MARIA BRUGGEMA 12/12,Crédito,Receita de Vendas
TRANSFERENCIA PIX REM: ODALEA MARIA BRUGGEMA 14/10,Crédito,Receita de Vendas
TRANSFERENCIA PIX REM: PABLO DE SA RIBEIRO   31/10,Crédito,Receita de Vendas
TRANSFERENCIA PIX REM: PAULA CRISTINA WALTRI 16/08,Crédito,Receita de Vendas
TRANSFERENCIA PIX REM: PAULA CRISTINA WALTRI 19/01,Crédito,Receita de Vendas
TRANSFERENCIA PIX REM: PEDRO CONTE NETO      01/03,Crédito,Receita de Vendas
TRANSFERENCIA PIX REM: PEDRO CONTE NETO      07/12,Crédito,Receita de Vendas
TRANSFERENCIA PIX REM: PEDRO CONTE NETO      10/01,Crédito,Receita de Vendas
TRANSFERENCIA PIX REM: RENATO LUCIO PRADO    04/10,Crédito,Receita de Vendas
TRANSFERENCIA PIX REM: RENATO LUCIO PRADO    05/04,Crédito,Receita de Vendas
TRANSFERENCIA PIX REM: RENATO LUCIO PRADO    06/02,Crédito,Receita de Vendas
TRANSFERENCIA PIX REM: RENATO LUCIO PRADO    06/03,Crédito,Receita de Vendas
TRANSFERENCIA PIX REM: RENATO LUCIO PRADO    07/11,Crédito,Receita de Vendas
TRANSFERENCIA PIX REM: RENATO LUCIO PRADO    07/12,Crédito,Receita de Vendas
TRANSFERENCIA PIX REM: RENATO LUCIO PRADO    08/05,Crédito,Receita de Vendas
TRANSFERENCIA PIX REM: RENATO LUCIO PRADO    09/01,Crédito,Receita de Vendas
TRANSFERENCIA PIX REM: RENATO LUCIO PRADO    25/08,Crédito,Receita de Vendas
TRANSFERENCIA PIX REM: ROBERTA BANDEIRA M V  02/02,Crédito,Receita de Vendas
TRANSFERENCIA PIX REM: ROBERTA BANDEIRA M V  02/03,Crédito,Receita de Vendas
TRANSFERENCIA PIX REM: ROBERTA BANDEIRA M V  03/04,Crédito,Receita de Vendas
TRANSFERENCIA PIX REM: ROBERTA BANDEIRA M V  19/01,Crédito,Receita de Vendas
TRANSFERENCIA PIX REM: SANDRA DANIELA SILVA  03/04,Crédito,Receita de Vendas
TRANSFERENCIA PIX REM: SANDRA DANIELA SILVA  04/10,Crédito,Receita de Vendas
TRANSFERENCIA PIX REM: SANDRA DANIELA SILVA  06/02,Crédito,Receita de Vendas
TRANSFERENCIA PIX REM: SANDRA DANIELA SILVA  06/12,Crédito,Receita de Vendas
TRANSFERENCIA PIX REM: SANDRA DANIELA SILVA  07/03,Crédito,Receita de Vendas
TRANSFERENCIA PIX REM: SANDRA DANIELA SILVA  08/05,Crédito,Receita de Vendas
TRANSFERENCIA PIX REM: SANDRA DANIELA SILVA  11/11,Crédito,Receita de Vendas
TRANSFERENCIA PIX REM: SANDRA DANIELA SILVA  17/01,Crédito,Receita de Vendas
TRANSFERENCIA PIX REM: SILVIA CASTRO FLACH   04/05,Crédito,Receita de Vendas
TRANSFERENCIA PIX REM: SILVIA CASTRO FLACH   08/03,Crédito,Receita de Vendas
TRANSFERENCIA PIX REM: SILVIA CASTRO FLACH   08/04,Crédito,Receita de Vendas
TRANSFERENCIA PIX REM: SIMONE DEBATIN        06/03,Crédito,Receita de Vendas
TRANSFERENCIA PIX REM: SIMONE DEBATIN        06/04,Crédito,Receita de Vendas
TRANSFERENCIA PIX REM: SIMONE DEBATIN        06/05,Crédito,Receita de Vendas
TRANSFERENCIA PIX REM: Sergio Figueiredo Ber 05/05,Crédito,Receita de Vendas
TRANSFERENCIA PIX REM: Sergio Figueiredo Ber 24/04,Crédito,Receita de Vendas
TRANSFERENCIA PIX REM: TASSIA SILVA LIMA     03/04,Crédito,Receita de Vendas
TRANSFERENCIA PIX REM: TASSIA SILVA LIMA     09/05,Crédito,Receita de Vendas
TRANSFERENCIA PIX REM: VALMOR ULISSES SCOLAR 02/05,Crédito,Receita de Vendas
TRANSFERENCIA PIX REM: VERA B SILVA OLIVEIRA 22/02,Crédito,Receita de Vendas
TRANSFERENCIA PIX REM: VERA REGINA M VILELA  01/05,Crédito,Receita de Vendas
TRANSFERENCIA PIX REM: VERA REGINA M VILELA  03/04,Crédito,Receita de Vendas
TRANSFERENCIA PIX REM: VERA REGINA M VILELA  08/03,Crédito,Receita de Vendas
TRANSFERENCIA PIX REM: VERDES CAMPOS COMERCI 11/05,Crédito,Receita de Vendas
TRANSFERENCIA PIX REM: WALDYR ZILLI          05/03,Crédito,Receita de Vendas
TRANSFERENCIA PIX REM: WALDYR ZILLI          17/02,Crédito,Receita de Vendas
TRANSFERENCIA PIX REM: WALDYR ZILLI          24/01,Crédito,Receita de Vendas
TRANSFERENCIA PIX REMT: ADRIANA GIORDANI,Crédito,Receita de Vendas
TRANSFERENCIA PIX REMT: AMAURI GERASSI,Crédito,Receita de Vendas
TRANSFERENCIA PIX REMT: ANDREA DE MORAES HENNEMANN,Crédito,Receita de Vendas
TRANSFERENCIA PIX REMT: ANDRESSA CRISTINA CABRAL C,Crédito,Receita de Vendas
TRANSFERENCIA PIX REMT: BRUNO FABIANO ALVES,Crédito,Receita de Vendas
TRANSFERENCIA PIX REMT: CINE CAFE FLORIPA LTDA,Crédito,Receita de Vendas
TRANSFERENCIA PIX REMT: CLARISSA ARCA CARVALHO,Crédito,Receita de Vendas
TRANSFERENCIA PIX REMT: CLARISSA PERES SANCHEZ,Crédito,Receita de Vendas
TRANSFERENCIA PIX REMT: CRISTIANA NOGUEIRA DOS SAN,Crédito,Receita de Vendas
TRANSFERENCIA PIX REMT: Claudia Plaszewski Novelli,Crédito,Receita de Vendas
TRANSFERENCIA PIX REMT: DULCE MARIA HOLANDA MACIE,Crédito,Receita de Vendas
TRANSFERENCIA PIX REMT: FABIO RIBEIRO DE ABREU,Crédito,Receita de Vendas
TRANSFERENCIA PIX REMT: FABIOLA FAUSTINO SIGISMOND,Crédito,Receita de Vendas
TRANSFERENCIA PIX REMT: FELIPE GUIMARAES MALTA,Crédito,Receita de Vendas
TRANSFERENCIA PIX REMT: FERNANDO SERGIO MAIA REBEL,Crédito,Receita de Vendas
TRANSFERENCIA PIX REMT: IVONE TARINI,Crédito,Receita de Vendas
TRANSFERENCIA PIX REMT: JEANE JULIANO MOURA,Crédito,Receita de Vendas
TRANSFERENCIA PIX REMT: JULIO ALBERTO GOMES FAIAD,Crédito,Receita de Vendas
TRANSFERENCIA PIX REMT: KARIM YAZAN NASSIF COSTA,Crédito,Receita de Vendas
TRANSFERENCIA PIX REMT: Karine Oliveira e Silva,Crédito,Receita de Vendas
TRANSFERENCIA PIX REMT: LEILA SCHEER,Crédito,Receita de Vendas
TRANSFERENCIA PIX REMT: LH REPRESENTACOES LTDA,Crédito,Receita de Vendas
TRANSFERENCIA PIX REMT: MICHEL ALBERTO SILVESTRI,Crédito,Receita de Vendas
TRANSFERENCIA PIX REMT: MIRANDA AGUERO IRIGOYEN,Crédito,Receita de Vendas
TRANSFERENCIA PIX REMT: Mar al Geraldo Garay Bresc,Crédito,Receita de Vendas
TRANSFERENCIA PIX REMT: Marinice Pederiva Scolari,Crédito,Receita de Vendas
TRANSFERENCIA PIX REMT: ODALEA MARIA BRUGGEMANN,Crédito,Receita de Vendas
TRANSFERENCIA PIX REMT: PABLO DE SA RIBEIRO,Crédito,Receita de Vendas
TRANSFERENCIA PIX REMT: PAULO EUGENIO SOUZA PORTES,Crédito,Receita de Vendas
TRANSFERENCIA PIX REMT: ROBERTA BANDEIRA M V C MAT,Crédito,Receita de Vendas
TRANSFERENCIA PIX REMT: ROBSON ABDALLA,Crédito,Receita de Vendas
TRANSFERENCIA PIX REMT: SERGIO LUIZ BRANT DE CARVA,Crédito,Receita de Vendas
TRANSFERENCIA PIX REMT: SILVIA CASTRO FLACH,Crédito,Receita de Vendas
Ted-t Elet Disp Remet.jm Campeiz Treinamen,Crédito,Sem Identificação
Transf Contas jm Campeiz Treinamento Desportiv,Crédito,Sem Identificação
Transfe Pix Rem: Edvania Conceicao Fer 06/05,Crédito,Receita de Vendas
Transfe Pix Rem: Jose Mario Campeiz 07/11,Crédito,Receita de Vendas
Transfe Pix Rem: Jose Mario Campeiz 13/05,Crédito,Receita de Vendas
Transfe Pix Rem: Jose Mario Campeiz 27/02,Crédito,Receita de Vendas
Transfe Pix Rem: Jose Mario Campeiz 29/11,Crédito,Receita de Vendas
Transfe Pix Rem: Jose Mario Campeiz 30/01,Crédito,Receita de Vendas
Transfe Pix Rem: Paloma a g 0455256292 03/02,Crédito,Receita de Vendas
Transfe Pix Rem: Remessa Online 01/10,Crédito,Receita de Vendas
Transfe Pix Rem: jm Campeiz Treinament 15/08,Crédito,Receita de Vendas
Transferencia Pix Rem: Jose Mario Campeiz 30/04,Crédito,Receita de Vendas
VENDA CARTAO DE CREDITO,Crédito,Receita de Vendas
01  IOF CAMBIO,Débito,Sem Identificação
01 FIN VENDA  2025317563,Débito,Sem Identificação
01 FIN VENDA  2025441032,Débito,Sem Identificação
01 FIN VENDA  2025495650,Débito,Sem Identificação
APLIC.INVEST FACIL,Débito,Transferência entre contas
Apl.invest Fac,Débito,Transferência entre contas
BX.ANT.FINANC/EMP AMORTIZ. SALDO - CONTR 015719111,Débito,Empréstimos
Bx.ant.fin/emp Amortiz. Saldo - Contr 493477356,Débito,Sem Identificação
CARTAO CREDITO ANUIDADE,Débito,Sem Identificação
CARTAO PERSONNALITE,Débito,Sem Identificação
CEI     000045 EST,Débito,Sem Identificação
CONTA DE TELEFONE INTERNET --TELEFONICA BRASIL S/,Débito,Sem Identificação
CONTA DE TELEFONE INTERNET --TIM S.A.,Débito,Sem Identificação
CREDIARIO AUTOM   01 60,Débito,Empréstimos
CREDIARIO AUTOM   01 72,Débito,Empréstimos
CREDIARIO AUTOM   02 60,Débito,Empréstimos
CREDIARIO AUTOM   02 72,Débito,Empréstimos
CREDIARIO AUTOM   03 36,Débito,Empréstimos
CREDIARIO AUTOM   03 60,Débito,Empréstimos
CREDIARIO AUTOM   03 72,Débito,Empréstimos
CREDIARIO AUTOM   04 36,Débito,Empréstimos
CREDIARIO AUTOM   04 60,Débito,Empréstimos
CREDIARIO AUTOM   04 72,Débito,Empréstimos
CREDIARIO AUTOM   05 36,Débito,Empréstimos
CREDIARIO AUTOM   05 60,Débito,Empréstimos
CREDIARIO AUTOM   05 72,Débito,Empréstimos
CREDIARIO AUTOM   06 36,Débito,Empréstimos
CREDIARIO AUTOM   06 60,Débito,Empréstimos
CREDIARIO AUTOM   06 72,Débito,Empréstimos
CREDIARIO AUTOM   07 36,Débito,Empréstimos
CREDIARIO AUTOM   07 60,Débito,Empréstimos
CREDIARIO AUTOM   07 72,Débito,Empréstimos
CREDIARIO AUTOM   08 36,Débito,Empréstimos
CREDIARIO AUTOM   08 60,Débito,Empréstimos
CREDIARIO AUTOM   08 72,Débito,Empréstimos
CREDIARIO AUTOM   09 36,Débito,Empréstimos
CREDIARIO AUTOM   09 60,Débito,Empréstimos
CREDIARIO AUTOM   09 72,Débito,Empréstimos
CREDIARIO AUTOM   10 36,Débito,Empréstimos
CREDIARIO AUTOM   10 60,Débito,Empréstimos
CREDIARIO AUTOM   10 72,Débito,Empréstimos
CREDIARIO AUTOM   11 60,Débito,Empréstimos
CREDIARIO AUTOM   11 72,Débito,Empréstimos
CREDIARIO AUTOM   12 60,Débito,Empréstimos
CREDIARIO AUTOM   12 72,Débito,Empréstimos
CREDIARIO AUTOM   13 60,Débito,Empréstimos
CREDIARIO AUTOM   13 72,Débito,Empréstimos
CREDIARIO AUTOM   14 60,Débito,Empréstimos
CREDIARIO AUTOM   14 72,Débito,Empréstimos
CREDIARIO AUTOM   15 60,Débito,Empréstimos
CREDIARIO AUTOM   15 72,Débito,Empréstimos
CREDIARIO AUTOM   16 60,Débito,Empréstimos
CREDIARIO AUTOM   17 60,Débito,Empréstimos
CREDIARIO AUTOM   17 72,Débito,Empréstimos
CREDIARIO AUTOM   18 60,Débito,Empréstimos
CREDIARIO AUTOM   19 72,Débito,Empréstimos
CREDIARIO AUTOM   20 72,Débito,Empréstimos
CREDIARIO AUTOM   21 60,Débito,Empréstimos
CREDIARIO AUTOM   23 60,Débito,Empréstimos
CREDIARIO AUTOM   24 60,Débito,Empréstimos
CREDIARIO AUTOM 04 60,Débito,Empréstimos
CREDIARIO AUTOM 05 60,Débito,Empréstimos
CREDIARIO AUTOM 07 60,Débito,Empréstimos
CREDIARIO AUTOM 11 72,Débito,Empréstimos
CREDIARIO AUTOM 12 72,Débito,Empréstimos
CREDIARIO AUTOM 13 60,Débito,Empréstimos
CREDIARIO AUTOM 14 60,Débito,Empréstimos
CREDIARIO AUTOM 14 72,Débito,Empréstimos
CREDIARIO AUTOM 15 72,Débito,Empréstimos
CREDIARIO AUTOM 16 60,Débito,Empréstimos
CREDIARIO AUTOM 16 72,Débito,Empréstimos
CREDIARIO AUTOM 18 72,Débito,Empréstimos
CREDIARIO AUTOM 19 60,Débito,Empréstimos
CREDIARIO AUTOM 20 60,Débito,Empréstimos
CREDIARIO AUTOM 22 60,Débito,Empréstimos
Conta Luz Celesc Distrib./sc-023683504,Débito,Sem Identificação
DEBITO AUTOMATICO CIELO S.A.-00250240000004089,Débito,Sem Identificação
DEBITO AUTOMATICO NET SERVICOS-0886218400747,Débito,Sem Identificação
DOC/TED INTERNET DOC INTERNET,Débito,Sem Identificação
DOC/TED INTERNET TED INTERNET,Débito,Tarifas Bancárias
ELECTRONSUPER IMPER,Débito,Sem Identificação
"ENCARGOS LIMITE DE CRED ENCARGO - 14,71%",Débito,Sem Identificação
"ENCARGOS LIMITE DE CRED ENCARGO - 15,84%",Débito,Sem Identificação
"ENCARGOS LIMITE DE CRED ENCARGO - 16,41%",Débito,Sem Identificação
"Enc Lim Credito Encargo - 07,73%",Débito,Juros e Encargos Bancários
"Enc Lim Credito Encargo - 08,00%",Débito,Juros e Encargos Bancários
"Enc Lim Credito Encargo - 08,29%",Débito,Juros e Encargos Bancários
"Enc Lim Credito Encargo - 08,59%",Débito,Juros e Encargos Bancários
FINANC IMOBILIARIO   112,Débito,Empréstimos
FINANC IMOBILIARIO   113,Débito,Empréstimos
FINANC IMOBILIARIO   114,Débito,Empréstimos
FINANC IMOBILIARIO   115,Débito,Empréstimos
FINANC IMOBILIARIO   116,Débito,Empréstimos
FINANC IMOBILIARIO   117,Débito,Empréstimos
FINANC IMOBILIARIO   118,Débito,Empréstimos
FINANC IMOBILIARIO   119,Débito,Empréstimos
FINANC IMOBILIARIO   120,Débito,Empréstimos
Gasto c Credito,Débito,Sem Identificação
INT  TIM CELULAR  009534,Débito,Sem Identificação
INT  VIVO FIXO NAC 13 89,Débito,Sem Identificação
INT PAG TIT  033,Débito,Sem Identificação
INT PAG TIT  041,Débito,Sem Identificação
INT PAG TIT  104,Débito,Sem Identificação
INT PERS BLACK,Débito,Sem Identificação
INT PERS VISA,Débito,Sem Identificação
INT SEFAZ SC DARE 023000,Débito,Sem Identificação
INT SEFAZ SC DARE 282351,Débito,Sem Identificação
INT SEFAZ SC DARE 818137,Débito,Sem Identificação
INT TIM CELULAR  0095348,Débito,Sem Identificação
IOF,Débito,IOF
IOF S/ UTILIZACAO LIMITE,Débito,Sem Identificação
Iof Util Limite,Débito,Sem Identificação
JUROS EXCESSO LIM CONTA,Débito,Sem Identificação
JUROS LIMITE ADIC CONTA,Débito,Sem Identificação
JUROS LIMITE DA CONTA,Débito,Juros e Encargos Bancários
MOBILE PAG TIT 215045163000,Débito,Sem Identificação
MOBILE PAG TIT 661043207000,Débito,Sem Identificação
MOBILE PAG TIT 671043207000,Débito,Sem Identificação
MOBILE PAG TIT 994016279000,Débito,Sem Identificação
MOBILE PAG TIT BANCO 001,Débito,Sem Identificação
MOBILE PAG TIT BANCO 033,Débito,Sem Identificação
MOBILE PAG TIT BANCO 041,Débito,Sem Identificação
MOBILE PAG TIT BANCO 104,Débito,Sem Identificação
MOBILE PAG TIT BANCO 237,Débito,Sem Identificação
MOBILEPAG TIT 2150451630,Débito,Sem Identificação
MOBILEPAG TIT 6710432070,Débito,Sem Identificação
MOBILEPAG TIT 9927077350,Débito,Sem Identificação
MOBILEPAG TIT BANCO 001,Débito,Sem Identificação
MOBILEPAG TIT BANCO 033,Débito,Sem Identificação
MOBILEPAG TIT BANCO 041,Débito,Sem Identificação
MOBILEPAG TIT BANCO 104,Débito,Sem Identificação
MORA CAPITAL DE GIRO,Débito,Sem Identificação
Mora Credito Pessoal,Débito,Sem Identificação
Mora Encargos,Débito,Sem Identificação
ON    IFOOD   NIC,Débito,Sem Identificação
PAG TIT INT 001,Débito,Sem Identificação
PAG TIT INT 041,Débito,Sem Identificação
PAG TITINT   104,Débito,Sem Identificação
PAGAMENTO  CONSORCIO,Débito,Sem Identificação
PAGTO A VISTA SALDO DEV,Débito,Sem Identificação
PAGTO ELETRON  COBRANCA 070164194101044300BRADESCO ADMIN,Débito,Sem Identificação
PAGTO ELETRON  COBRANCA ALMOCO,Débito,Sem Identificação
PAGTO ELETRON  COBRANCA AVAI,Débito,Sem Identificação
PAGTO ELETRON  COBRANCA CASSOL,Débito,Sem Identificação
PAGTO ELETRON  COBRANCA CLINIPAM,Débito,Sem Identificação
PAGTO ELETRON  COBRANCA CLINIPAN,Débito,Sem Identificação
PAGTO ELETRON  COBRANCA CLINIPAN 1 NOVO,Débito,Sem Identificação
PAGTO ELETRON  COBRANCA CONTRATO 1,Débito,Sem Identificação
PAGTO ELETRON  COBRANCA CREF 1,Débito,Sem Identificação
PAGTO ELETRON  COBRANCA CREF 2,Débito,Sem Identificação
PAGTO ELETRON  COBRANCA CREF 3,Débito,Sem Identificação
PAGTO ELETRON  COBRANCA CREF 4,Débito,Sem Identificação
PAGTO ELETRON  COBRANCA CREF 5,Débito,Sem Identificação
PAGTO ELETRON  COBRANCA DINAMICA,Débito,Sem Identificação
PAGTO ELETRON  COBRANCA DINAMICA05,Débito,Sem Identificação
PAGTO ELETRON  COBRANCA HABITASUL,Débito,Sem Identificação
PAGTO ELETRON  COBRANCA INVENTA,Débito,Sem Identificação
PAGTO ELETRON  COBRANCA INVENTA2,Débito,Sem Identificação
PAGTO ELETRON  COBRANCA IPTU,Débito,Sem Identificação
PAGTO ELETRON  COBRANCA IPTU CASA,Débito,Sem Identificação
PAGTO ELETRON  COBRANCA KUERTEN,Débito,Sem Identificação
PAGTO ELETRON  COBRANCA KURTEN,Débito,Sem Identificação
PAGTO ELETRON  COBRANCA MATERIAL LIMPEZA,Débito,Sem Identificação
PAGTO ELETRON  COBRANCA NF,Débito,Sem Identificação
PAGTO ELETRON  COBRANCA REFEICOES,Débito,Sem Identificação
PAGTO ELETRON  COBRANCA RIACHUELO,Débito,Sem Identificação
PAGTO ELETRONICO TRIBUTO INTERNET --INSS/GPS,Débito,Sem Identificação
PAGTO ELETRONICO TRIBUTO INTERNET --SEFAZ/SC,Débito,Sem Identificação
PAY   IFD IFOOD C,Débito,Sem Identificação
PERS BLACK  3615 6215,Débito,Sem Identificação
PERS BLACK  3619 1826,Débito,Sem Identificação
PIX QR CODE DINAMICO DES: ATUALIZA VALE PARAIBA 08/03,Débito,Sem Identificação
PIX QR CODE DINAMICO DES: ATUALIZA VALE PARAIBA 17/02,Débito,Sem Identificação
PIX QR CODE DINAMICO DES: NIC BR                15/04,Débito,Sem Identificação
PIX QR CODE ESTATICO DES: PLOTHOUSE IMPRESSOS C 16/01,Débito,Sem Identificação
PIX QRS CAC CAPITAL09 02,Débito,Sem Identificação
PIX QRS CARTAO CASS28 03,Débito,Sem Identificação
PIX QRS JACILA PERE30 03,Débito,Sem Identificação
PIX QRS KIWIFY20 04,Débito,Sem Identificação
PIX QRS MAR DE JURE28 12,Débito,Sem Identificação
PIX QRS PIX MARKETP02 12,Débito,Sem Identificação
PIX QRS PIX MARKETP23 11,Débito,Sem Identificação
PIX QRS PLOTHOUSE I22 09,Débito,Sem Identificação
PIX QRS PLOTHOUSE I30 08,Débito,Sem Identificação
PIX QRS SUPERMERCAD06 01,Débito,Sem Identificação
PIX QRS TELEFONICA 27 01,Débito,Sem Identificação
PIX QRS TIM S A  08 04,Débito,Sem Identificação
PIX QRS TIM S A  10 02,Débito,Sem Identificação
PIX QRS TIM S A  16 03,Débito,Sem Identificação
PIX QRS TIM S A  18 01,Débito,Sem Identificação
PIX QRS UBER04 12,Débito,Sem Identificação
PIX QRS UBER31 08,Débito,Sem Identificação
PIX QRS VAKINHA03 12,Débito,Sem Identificação
PIX TRANSF  50 701 28 01,Débito,Sem Identificação
PIX TRANSF  534631302 04,Débito,Sem Identificação
PIX TRANSF  A S ALM17 03,Débito,Sem Identificação
PIX TRANSF  AGUAS  05 04,Débito,Sem Identificação
PIX TRANSF  AGUAS  05 09,Débito,Sem Identificação
PIX TRANSF  AGUAS  05 10,Débito,Sem Identificação
PIX TRANSF  AGUAS  06 03,Débito,Sem Identificação
PIX TRANSF  AGUAS  06 04,Débito,Sem Identificação
PIX TRANSF  AGUAS  06 11,Débito,Sem Identificação
PIX TRANSF  AMANDA 08 03,Débito,Sem Identificação
PIX TRANSF  CIANDRA02 09,Débito,Sem Identificação
PIX TRANSF  CIANDRA05 09,Débito,Sem Identificação
PIX TRANSF  COSTAO 19 09,Débito,Sem Identificação
PIX TRANSF  D B F I15 09,Débito,Sem Identificação
PIX TRANSF  DAQUIPR04 12,Débito,Sem Identificação
PIX TRANSF  DAQUIPR30 01,Débito,Sem Identificação
PIX TRANSF  EDSON A05 09,Débito,Sem Identificação
PIX TRANSF  EDSON A06 04,Débito,Sem Identificação
PIX TRANSF  EDSON A28 03,Débito,Sem Identificação
PIX TRANSF  EDVANIA03 04,Débito,Sem Identificação
PIX TRANSF  EDVANIA20 03,Débito,Sem Identificação
PIX TRANSF  EDVANIA24 01,Débito,Sem Identificação
PIX TRANSF  ESTACAO26 09,Débito,Sem Identificação
PIX TRANSF  FIGUEIR15 03,Débito,Sem Identificação
PIX TRANSF  FLOW QU01 09,Débito,Sem Identificação
PIX TRANSF  FLOW ST20 03,Débito,Sem Identificação
PIX TRANSF  GERVASI03 01,Débito,Sem Identificação
PIX TRANSF  GILSON 20 09,Débito,Sem Identificação
PIX TRANSF  GILSON 30 08,Débito,Sem Identificação
PIX TRANSF  GUILHER14 09,Débito,Sem Identificação
PIX TRANSF  JHONATH09 01,Débito,Sem Identificação
PIX TRANSF  JOAO CA10 11,Débito,Sem Identificação
PIX TRANSF  JOSE MA05 09,Débito,Sem Identificação
PIX TRANSF  JOSE MA30 01,Débito,Sem Identificação
PIX TRANSF  JURERE 28 03,Débito,Sem Identificação
PIX TRANSF  Jose Ma25 11,Débito,Sem Identificação
PIX TRANSF  LUCIANE07 12,Débito,Sem Identificação
PIX TRANSF  LUCIANE22 09,Débito,Sem Identificação
PIX TRANSF  LUIZA A03 11,Débito,Sem Identificação
PIX TRANSF  LUX HOU06 01,Débito,Sem Identificação
PIX TRANSF  MARCEL 04 12,Débito,Sem Identificação
PIX TRANSF  MARCEL 09 10,Débito,Sem Identificação
PIX TRANSF  MARCELO01 04,Débito,Sem Identificação
PIX TRANSF  MARCELO03 03,Débito,Sem Identificação
PIX TRANSF  MARCELO03 11,Débito,Sem Identificação
PIX TRANSF  MARCELO04 04,Débito,Sem Identificação
PIX TRANSF  MARCELO05 04,Débito,Sem Identificação
PIX TRANSF  MARCELO09 11,Débito,Sem Identificação
PIX TRANSF  MARCELO19 10,Débito,Sem Identificação
PIX TRANSF  MARCELO23 11,Débito,Sem Identificação
PIX TRANSF  MARCELO25 10,Débito,Sem Identificação
PIX TRANSF  MARCELO30 03,Débito,Sem Identificação
PIX TRANSF  MATEUS 12 09,Débito,Sem Identificação
PIX TRANSF  MATEUS 18 10,Débito,Sem Identificação
PIX TRANSF  MATEUS 27 11,Débito,Sem Identificação
PIX TRANSF  MATEUS 28 09,Débito,Sem Identificação
PIX TRANSF  MIRIAN 31 03,Débito,Sem Identificação
PIX TRANSF  PET STA28 01,Débito,Sem Identificação
PIX TRANSF  PIETRO 01 09,Débito,Sem Identificação
PIX TRANSF  PIETRO 04 11,Débito,Sem Identificação
PIX TRANSF  PIETRO 15 09,Débito,Sem Identificação
PIX TRANSF  PIETRO 25 11,Débito,Sem Identificação
PIX TRANSF  RENATO 05 01,Débito,Sem Identificação
PIX TRANSF  ROBERTO11 03,Débito,Sem Identificação
PIX TRANSF  RODRIGO05 10,Débito,Sem Identificação
PIX TRANSF  RONALDO02 01,Débito,Sem Identificação
PIX TRANSF  SILVIA 05 10,Débito,Sem Identificação
PIX TRANSF  SILVIA 06 04,Débito,Sem Identificação
PIX TRANSF  SILVIA 06 09,Débito,Sem Identificação
PIX TRANSF  SILVIA 15 11,Débito,Sem Identificação
PIX TRANSF  SILVIA 18 04,Débito,Sem Identificação
PIX TRANSF  SILVIA 24 08,Débito,Sem Identificação
PIX TRANSF  SILVIA 28 09,Débito,Sem Identificação
PIX TRANSF  SIMONSE05 12,Débito,Sem Identificação
PIX TRANSF  STORE B14 09,Débito,Sem Identificação
PIX TRANSF  VERA RE30 10,Débito,Sem Identificação
PIX TRANSF AGUAS  05 02,Débito,Sem Identificação
PIX TRANSF AGUAS  06 03,Débito,Sem Identificação
PIX TRANSF AGUAS  07 05,Débito,Sem Identificação
PIX TRANSF AGUAS  08 01,Débito,Sem Identificação
PIX TRANSF AGUAS  08 02,Débito,Sem Identificação
PIX TRANSF ALINE R08 03,Débito,Sem Identificação
PIX TRANSF ALMIR S14 02,Débito,Sem Identificação
PIX TRANSF ALMIR S30 12,Débito,Sem Identificação
PIX TRANSF Bruno D06 02,Débito,Sem Identificação
PIX TRANSF CARLOS 28 12,Débito,Sem Identificação
PIX TRANSF Carolin01 05,Débito,Sem Identificação
PIX TRANSF DAQUIPR12 01,Débito,Sem Identificação
PIX TRANSF EC VIST26 06,Débito,Sem Identificação
PIX TRANSF EDSON A06 03,Débito,Sem Identificação
PIX TRANSF EDSON A10 02,Débito,Sem Identificação
PIX TRANSF EDSON A19 05,Débito,Sem Identificação
PIX TRANSF FEDERIC29 04,Débito,Sem Identificação
PIX TRANSF GABRIEL07 05,Débito,Sem Identificação
PIX TRANSF JOSE MA27 02,Débito,Sem Identificação
PIX TRANSF JOSE MA30 04,Débito,Sem Identificação
PIX TRANSF JURERE 25 11,Débito,Sem Identificação
PIX TRANSF MAIRI T05 05,Débito,Sem Identificação
PIX TRANSF MARCELO02 01,Débito,Sem Identificação
PIX TRANSF MARCELO16 03,Débito,Sem Identificação
PIX TRANSF MARCELO30 11,Débito,Sem Identificação
PIX TRANSF MARIO J17 01,Débito,Sem Identificação
PIX TRANSF MATEUS 27 02,Débito,Sem Identificação
PIX TRANSF Ricardo20 01,Débito,Sem Identificação
PIX TRANSF SILVIA 02 01,Débito,Sem Identificação
PIX TRANSF SILVIA 11 02,Débito,Sem Identificação
PIX TRANSF SILVIA 11 03,Débito,Sem Identificação
PIX TRANSF SILVIA 23 01,Débito,Sem Identificação
PIX TRANSF SONIA M23 12,Débito,Sem Identificação
PIX TRANSF SONIA M28 12,Débito,Sem Identificação
PIX TRANSF manoela22 01,Débito,Sem Identificação
Pagto Cobranca Bradesco Seg-resid/outros,Débito,Sem Identificação
Pagto Cobranca Cref,Débito,Sem Identificação
Pagto Cobranca Pet Star,Débito,Sem Identificação
Pagto Cobranca Realize Credito Financiamento e,Débito,Sem Identificação
Pagto Cobranca Setenta e Oito Reais e Noventa,Débito,Sem Identificação
Pagto Cobranca Setenta e Sete Reais e Noventa,Débito,Sem Identificação
Pagto Cobranca um Mil Seiscentos e Dez Reais,Débito,Sem Identificação
Parc Cred Pess Contr 495067007 Parc 001/060,Débito,Sem Identificação
Parc Cred Pess Contr 495067007 Parc 002/060,Débito,Sem Identificação
Parc Cred Pess Contr 495067007 Parc 003/060,Débito,Sem Identificação
Parc Cred Pess Contr 495067007 Parc 004/060,Débito,Sem Identificação
Parc Cred Pess Contr 495067007 Parc 005/060,Débito,Sem Identificação
Parc Cred Pess Contr 495067007 Parc 006/060,Débito,Sem Identificação
Parc Cred Pess Contr 495067007 Parc 007/060,Débito,Sem Identificação
Parc Cred Pess Contr 495067007 Parc 008/060,Débito,Sem Identificação
Parc Cred Pess Contr 495067007 Parc 009/060,Débito,Sem Identificação
Parc Cred Pess Contr 495067007 Parc 010/060,Débito,Sem Identificação
Parc Cred Pess Contr 495067007 Parc 011/060,Débito,Sem Identificação
Parc Cred Pess Contr 495067007 Parc 012/060,Débito,Sem Identificação
Parc Cred Pess Contr 495067007 Parc 013/060,Débito,Sem Identificação
Pgto Elet Trib Bradesco C-sefaz/sc,Débito,Sem Identificação
Pix Qrcode Din Des: Boteco Caravela Ltda 28/07,Débito,Sem Identificação
Pix Qrcode Din Des: Cac Capital - Medicos 29/02,Débito,Sem Identificação
Pix Qrcode Din Des: Cunha e Lemos Assesso 10/11,Débito,Sem Identificação
Pix Qrcode Din Des: Cunha e Lemos Assesso 14/12,Débito,Sem Identificação
Pix Qrcode Est Des: Comunidade Crista do 12/11,Débito,Sem Identificação
Pix Qrcode Est Des: Jaquelina Raque 11/10,Débito,Sem Identificação
Pix Qrcode Est Des: Jessica Pinheiros Bri 01/11,Débito,Sem Identificação
Pix Qrcode Est Des: Jurere Praia Clube 07/08,Débito,Sem Identificação
Pix Qrcode Est Des: Jurere Praia Clube 20/02,Débito,Sem Identificação
Pix Qrcode Est Des: Jurere Praia Clube 27/07,Débito,Sem Identificação
Pix Qrcode Est Des: Lidia Mauricia Laurea 09/09,Débito,Sem Identificação
Pix Qrcode Est Des: Lidia Mauricia Laurea 10/09,Débito,Sem Identificação
Pix Qrcode Est Des: Radio Cancao Nova 30/09,Débito,Sem Identificação
Pix Qrcode Est Des: Radio Cancao Nova 31/01,Débito,Sem Identificação
Pix Qrcode Est Des: Tim s a 12/11,Débito,Sem Identificação
Saq Din Bco 24h 00045510 08011411,Débito,Sem Identificação
Saq Din Bco 24h 00045510 21111513,Débito,Sem Identificação
Saq Din Bco 24h 00045510 22021257,Débito,Sem Identificação
Saq Din Bco 24h 00045510 27051625,Débito,Sem Identificação
Saq Din Bco 24h 00045510 28061702,Débito,Sem Identificação
Saq Din Bco 24h 00045510 28061703,Débito,Sem Identificação
Saque Din Atm Ag02502maq038921seq0598608071520,Débito,Sem Identificação
TARIFA BANCARIA CestaEmpresarial2,Débito,Tarifas Bancárias
TARIFA BANCARIA MANUT CARTAO DEBITO,Débito,Tarifas Bancárias
TARIFA BANCARIA TRANSF PGTO PIX,Débito,Tarifas Bancárias
TBI 0741 72223 5,Débito,Sem Identificação
TED DIF.TITUL.CC H.BANK DEST. Jose Mario Campeiz,Débito,Sem Identificação
TRANSF CC PARA CC PJ COSTAO DO SANTINHO TURISMO E LAZ,Débito,Sem Identificação
TRANSF CC PARA CC PJ JOSE MARIO CAMPEIZ,Débito,Sem Identificação
TRANSF CC PARA CC PJ JURERE PRAIA CLUBE,Débito,Sem Identificação
TRANSF FDOS DOC-E H BANK DEST.Jurer  praia clube,Débito,Sem Identificação
TRANSF FDOS DOC-E H BANK DEST.Thais Sales Freitas,Débito,Sem Identificação
TRANSFERENCIA PIX DES: ALL GYM COM DE EQUIP  18/10,Débito,Sem Identificação
TRANSFERENCIA PIX DES: Ana Paula Pereira Sal 01/02,Débito,Sem Identificação
TRANSFERENCIA PIX DES: Ana Paula Pereira Sal 01/11,Débito,Sem Identificação
TRANSFERENCIA PIX DES: Ana Paula Pereira Sal 02/01,Débito,Sem Identificação
TRANSFERENCIA PIX DES: Ana Paula Pereira Sal 02/03,Débito,Sem Identificação
TRANSFERENCIA PIX DES: Ana Paula Pereira Sal 02/05,Débito,Sem Identificação
TRANSFERENCIA PIX DES: Ana Paula Pereira Sal 03/04,Débito,Sem Identificação
TRANSFERENCIA PIX DES: Ana Paula Pereira Sal 09/12,Débito,Sem Identificação
TRANSFERENCIA PIX DES: CARLOS LEANDRO GARROS 10/05,Débito,Sem Identificação
TRANSFERENCIA PIX DES: Claudia Lenise Ferraz 15/04,Débito,Sem Identificação
TRANSFERENCIA PIX DES: FREDERICO GENDRA RIBE 30/03,Débito,Sem Identificação
TRANSFERENCIA PIX DES: JURERE PRAIA CLUBE    17/02,Débito,Sem Identificação
TRANSFERENCIA PIX DES: JURERE PRAIA CLUBE    17/12,Débito,Sem Identificação
TRANSFERENCIA PIX DES: JURERE PRAIA CLUBE    18/03,Débito,Sem Identificação
TRANSFERENCIA PIX DES: JURERE PRAIA CLUBE    19/04,Débito,Sem Identificação
TRANSFERENCIA PIX DES: JURERE PRAIA CLUBE    21/11,Débito,Sem Identificação
TRANSFERENCIA PIX DES: JURERE PRAIA CLUBE    26/12,Débito,Sem Identificação
TRANSFERENCIA PIX DES: JURERE PRAIA CLUBE    28/04,Débito,Sem Identificação
TRANSFERENCIA PIX DES: JURERE PRAIA CLUBE    30/09,Débito,Sem Identificação
TRANSFERENCIA PIX DES: JURERE PRAIA CLUBE    31/10,Débito,Sem Identificação
TRANSFERENCIA PIX DES: LUIS AUGUSTO SALDANHA 09/02,Débito,Sem Identificação
TRANSFERENCIA PIX DES: LUIS AUGUSTO SALDANHA 18/10,Débito,Sem Identificação
TRANSFERENCIA PIX DES: LUIS AUGUSTO SALDANHA 24/09,Débito,Sem Identificação
TRANSFERENCIA PIX DES: Marcelo Alves da Silv 13/05,Débito,Sem Identificação
TRANSFERENCIA PIX DES: PAULA CRISTINA WALTRI 09/03,Débito,Sem Identificação
TRANSFERENCIA PIX DES: PAULA CRISTINA WALTRI 10/02,Débito,Sem Identificação
TRANSFERENCIA PIX DES: PAULA CRISTINA WALTRI 12/04,Débito,Sem Identificação
TRANSFERENCIA PIX DES: Pedro Henrique Fernan 06/09,Débito,Sem Identificação
TRANSFERENCIA PIX DES: RODRIGO MATEUS RAMBO  03/02,Débito,Sem Identificação
TRANSFERENCIA PIX DES: RODRIGO MATEUS RAMBO  17/01,Débito,Sem Identificação
TRANSFERENCIA PIX DEST: CENTRO DINAMICO DE EDUCACA,Débito,Sem Identificação
TRANSFERENCIA PIX DEST: DIENER GENTIL LTDA,Débito,Sem Identificação
TRANSFERENCIA PIX DEST: EVERLIN MARTINS,Débito,Sem Identificação
TRANSFERENCIA PIX DEST: JURERE PRAIA CLUBE,Débito,Sem Identificação
TRANSFERENCIA PIX DEST: Maricota Comercio Ltda,Débito,Sem Identificação
TRANSFERENCIA PIX DEST: PAULA CRISTINA WALTRICK,Débito,Sem Identificação
TRANSFERENCIA PIX DEST: PAULA CRISTINA WALTRICK 91,Débito,Sem Identificação
TRANSFERENCIA PIX DEST: ROSANGELA PASA ERENO,Débito,Sem Identificação
TRANSFERENCIA PIX DEST: TELEFONICA BRASIL S A,Débito,Sem Identificação
TRANSFERENCIA PIX DEST: Terezinha Pereira Confecco,Débito,Sem Identificação
Ted d Hbank* Dest. Edvania Conceicao fe,Débito,Sem Identificação
Transfe Pix Des: Alvaro Elvis de Liz r 13/11,Débito,Sem Identificação
Transfe Pix Des: Alvaro Elvis de Liz r 16/11,Débito,Sem Identificação
Transfe Pix Des: Carla Patricia Matos 12/10,Débito,Sem Identificação
Transfe Pix Des: Cleidir Luis Gerlach 08/12,Débito,Sem Identificação
Transfe Pix Des: Cristina Carniel Vile 03/04,Débito,Sem Identificação
Transfe Pix Des: Cristina Carniel Vile 06/05,Débito,Sem Identificação
Transfe Pix Des: Cristina Carniel Vile 31/10,Débito,Sem Identificação
Transfe Pix Des: Daquiprafora c e Ltda 06/02,Débito,Sem Identificação
Transfe Pix Des: Daquiprafora c e Ltda 11/09,Débito,Sem Identificação
Transfe Pix Des: Daquiprafora c e Ltda 15/10,Débito,Sem Identificação
Transfe Pix Des: Dernivalda Evangelist 18/10,Débito,Sem Identificação
Transfe Pix Des: Dernivalda Evangelist 28/01,Débito,Sem Identificação
Transfe Pix Des: Edvania Conceicao Fer 05/06,Débito,Sem Identificação
Transfe Pix Des: Edvania Conceicao Fer 17/08,Débito,Sem Identificação
Transfe Pix Des: Edvania Conceicao Fer 19/04,Débito,Sem Identificação
Transfe Pix Des: Edvania Conceicao Fer 19/11,Débito,Sem Identificação
Transfe Pix Des: Edvania Conceicao Fer 25/11,Débito,Sem Identificação
Transfe Pix Des: Everson de Lima Marti 27/02,Débito,Sem Identificação
Transfe Pix Des: Gislene Gomes Barbosa 09/10,Débito,Sem Identificação
Transfe Pix Des: Grace Kelly Garcia ga 23/08,Débito,Sem Identificação
Transfe Pix Des: Jacanam Josue Lopes 15/12,Débito,Sem Identificação
Transfe Pix Des: Jesica Soledad Lopez 09/08,Débito,Sem Identificação
Transfe Pix Des: Jesica Soledad Lopez 12/08,Débito,Sem Identificação
Transfe Pix Des: Joao Carlos Correa de 31/10,Débito,Sem Identificação
Transfe Pix Des: Julia Barroso da Cruz 05/04,Débito,Sem Identificação
Transfe Pix Des: Julia Barroso da Cruz 07/03,Débito,Sem Identificação
Transfe Pix Des: Julia Barroso da Cruz 08/03,Débito,Sem Identificação
Transfe Pix Des: Julia Barroso da Cruz 09/05,Débito,Sem Identificação
Transfe Pix Des: Julia Barroso da Cruz 17/01,Débito,Sem Identificação
Transfe Pix Des: Julia Barroso da Cruz 27/11,Débito,Sem Identificação
Transfe Pix Des: Juliano Dos Santos qu 08/11,Débito,Sem Identificação
Transfe Pix Des: Jurere Consultoria fi 08/02,Débito,Sem Identificação
Transfe Pix Des: Jurere Consultoria fi 14/03,Débito,Sem Identificação
Transfe Pix Des: Jurere Magazine 05/12,Débito,Sem Identificação
Transfe Pix Des: Jurere Magazine 07/12,Débito,Sem Identificação
Transfe Pix Des: Jurere Magazine 12/12,Débito,Sem Identificação
Transfe Pix Des: Jurere Magazine 13/11,Débito,Sem Identificação
Transfe Pix Des: Jurere Praia Clube 08/04,Débito,Sem Identificação
Transfe Pix Des: Jurere Praia Clube 17/01,Débito,Sem Identificação
Transfe Pix Des: Leandro Costa Dos San 28/11,Débito,Sem Identificação
Transfe Pix Des: Ligia Fonseca Pinto 09/02,Débito,Sem Identificação
Transfe Pix Des: Ligia Fonseca Pinto 19/01,Débito,Sem Identificação
Transfe Pix Des: Ligia Fonseca Pinto 28/01,Débito,Sem Identificação
Transfe Pix Des: Luiza Augusta Moreira 01/12,Débito,Sem Identificação
Transfe Pix Des: Luiza Augusta Moreira 17/11,Débito,Sem Identificação
Transfe Pix Des: Mario Armando Frate z 28/08,Débito,Sem Identificação
Transfe Pix Des: Mateus Wickboldt de c 17/12,Débito,Sem Identificação
Transfe Pix Des: Nilda Rosa Fortunato 06/12,Débito,Sem Identificação
Transfe Pix Des: Patricia Helena Fuent 23/01,Débito,Sem Identificação
Transfe Pix Des: Pietro Giuseppe Campe 13/11,Débito,Sem Identificação
Transfe Pix Des: Pietro Giuseppe Campe 22/12,Débito,Sem Identificação
Transfe Pix Des: Pietro Giuseppe Campe 26/02,Débito,Sem Identificação
Transfe Pix Des: Roberta Cardoso Lopes 11/03,Débito,Sem Identificação
Transfe Pix Des: Roberta Cardoso Lopes 19/03,Débito,Sem Identificação
Transfe Pix Des: Sebastiao Atanazio da 14/01,Débito,Sem Identificação
Transfe Pix Des: Sharon Senger 15/01,Débito,Sem Identificação
Transfe Pix Des: Sharon Senger 15/03,Débito,Sem Identificação
Transfe Pix Des: Sharon Senger 15/10,Débito,Sem Identificação
Transfe Pix Des: Sharon Senger 16/02,Débito,Sem Identificação
Transfe Pix Des: Sharon Senger 16/04,Débito,Sem Identificação
Transfe Pix Des: Sharon Senger 17/08,Débito,Sem Identificação
Transfe Pix Des: Sharon Senger 18/09,Débito,Sem Identificação
Transfe Pix Des: Suelen Serapiao 16/03,Débito,Sem Identificação
Transfe Pix Des: Suelen Serapiao 23/12,Débito,Sem Identificação
Transfe Pix Des: Suelen Serapiao 26/12,Débito,Sem Identificação
Transfe Pix Des: Suelen Serapiao 27/12,Débito,Sem Identificação
Transfe Pix Des: Tatiane Barbosa da si 19/01,Débito,Sem Identificação
Transfe Pix Des: Viviane Leite da Silv 08/12,Débito,Sem Identificação
Visa Electron Abricar Loterias,Débito,Sem Identificação
Visa Electron Armazem 3,Débito,Sem Identificação
Visa Electron Beltrame s Floripa a,Débito,Sem Identificação
Visa Electron Estoril Estacionamen,Débito,Sem Identificação
Visa Electron Ikemacell Acess e,Débito,Sem Identificação
Visa Electron Jamaica Bylos,Débito,Sem Identificação
Visa Electron Janaina Leandra Fari,Débito,Sem Identificação
Visa Electron Joaocarloscorrea,Débito,Sem Identificação
Visa Electron Jurere Sports Center,Débito,Sem Identificação
Visa Electron Padaria do Bistro,Débito,Sem Identificação
Visa Electron Pag*primeva,Débito,Sem Identificação
Visa Electron Shop Floripa - Puc,Débito,Sem Identificação
Visa Electron Super Imperatriz,Débito,Sem Identificação
Visa Electron Universo Paralelo,Débito,Sem Identificação
Visa Electron You Mais Store,Débito,Sem Identificação
WEB VISAIFD GO TEMA,Débito,Sem Identificação
